date,visitors,pageviews,sessions,bounced_sessions,avg_session_duration_secs,awards_week,awards_night
2017-01-01,9611,21407,10196,6490,86,0,0
2017-01-02,10752,25658,11350,7055,100,0,0
2017-01-03,11425,27062,12215,7569,92,0,0
2017-01-04,13098,29189,13852,8929,90,0,0
2017-01-05,12234,28288,12990,8105,95,0,0
2017-01-06,11461,28022,12309,7500,95,0,0
2017-01-07,11183,27491,11993,7287,94,0,0
2017-01-08,16265,38529,17361,10587,84,0,0
2017-01-09,17852,40698,18914,11697,87,0,0
2017-01-10,14211,33218,15124,9270,96,0,0
2017-01-11,13456,30704,14397,8922,99,0,0
2017-01-12,13616,31559,14613,9227,98,0,0
2017-01-13,11880,27526,12805,8148,97,0,0
2017-01-14,11888,27940,12608,7804,93,0,0
2017-01-15,12706,29109,13416,8349,96,0,0
2017-01-16,12691,30284,13525,8282,100,0,0
2017-01-17,13260,33596,14260,8514,121,0,0
2017-01-18,14483,36586,15809,9494,117,0,0
2017-01-19,13551,31964,14694,9118,104,0,0
2017-01-20,13215,32339,14083,8609,99,0,0
2017-01-21,12578,32504,13725,8135,101,0,0
2017-01-22,16502,42656,17814,10570,93,0,0
2017-01-23,14620,35936,15755,9463,106,0,0
2017-01-24,17787,43392,19070,11845,106,0,0
2017-01-25,15447,38741,16650,10094,112,0,0
2017-01-26,15211,35885,16507,10184,111,0,0
2017-01-27,14007,32563,15147,9337,104,0,0
2017-01-28,12950,30170,13920,8861,101,0,0
2017-01-29,16137,35206,17316,11180,91,0,0
2017-01-30,18765,45298,20142,12442,105,0,0
2017-01-31,35148,89209,38493,24474,104,0,0
2017-02-01,28565,69292,31107,19408,98,0,0
2017-02-02,27502,63795,29756,18955,92,0,0
2017-02-03,22888,54418,24902,15676,102,0,0
2017-02-04,25069,69341,27585,16849,95,0,0
2017-02-05,30728,84077,33575,20307,100,0,0
2017-02-06,34723,88352,38058,22957,104,1,0
2017-02-07,47583,122424,52246,31531,108,1,0
2017-02-08,52279,133884,57599,34946,104,1,0
2017-02-09,73648,191472,81432,49926,108,1,0
2017-02-10,91058,230302,99229,59072,104,1,0
2017-02-11,133362,346375,145977,82930,105,1,0
2017-02-12,1930245,5406421,2254973,1190175,162,1,1
2017-02-13,1057729,2926094,1150572,694831,113,1,0
2017-02-14,213939,526079,229644,149522,102,1,0
2017-02-15,105345,257780,113153,73663,101,1,0
2017-02-16,72888,176323,78087,52100,102,0,0
2017-02-17,62042,137206,66572,46108,95,0,0
2017-02-18,56309,122892,60790,42517,93,0,0
2017-02-19,45545,94898,48812,34345,90,0,0
2017-02-20,36105,76531,38674,27324,92,0,0
2017-02-21,32413,67242,34335,23908,92,0,0
2017-02-22,29955,65302,31991,22189,93,0,0
2017-02-23,25603,55174,27515,19275,92,0,0
2017-02-24,23074,47921,24605,17384,84,0,0
2017-02-25,26718,49579,28030,20874,74,0,0
2017-02-26,33563,60222,35116,25790,69,0,0
2017-02-27,27790,53034,29224,21261,77,0,0
2017-02-28,19932,38080,21147,15222,80,0,0
2017-03-01,17077,33835,18085,12738,87,0,0
2017-03-02,21703,38318,22885,17530,68,0,0
2017-03-03,21421,39240,22932,17378,73,0,0
2017-03-04,16004,31000,17007,12417,79,0,0
2017-03-05,15142,29655,16135,11606,84,0,0
2017-03-06,14735,28074,15733,11346,81,0,0
2017-03-07,12773,24940,13571,9838,82,0,0
2017-03-08,11539,23070,12432,8892,87,0,0
2017-03-09,11395,23221,12217,8667,83,0,0
2017-03-10,10794,21259,11382,8175,86,0,0
2017-03-11,11855,25447,12524,8706,81,0,0
2017-03-12,9602,19257,10334,7414,83,0,0
2017-03-13,9797,19886,10432,7483,96,0,0
2017-03-14,10665,20742,11257,8190,86,0,0
2017-03-15,9546,19267,10205,7397,96,0,0
2017-03-16,8789,17184,9291,6718,83,0,0
2017-03-17,8242,15837,8790,6308,85,0,0
2017-03-18,8303,16195,8767,6314,89,0,0
2017-03-19,8990,17393,9573,6931,82,0,0
2017-03-20,8511,16708,9077,6560,87,0,0
2017-03-21,12251,21578,12929,9971,73,0,0
2017-03-22,9377,17646,9899,7190,86,0,0
2017-03-23,8615,16532,9261,6743,84,0,0
2017-03-24,7789,15290,8334,6033,90,0,0
2017-03-25,7602,14023,8081,6030,76,0,0
2017-03-26,7633,14420,8076,5961,82,0,0
2017-03-27,7947,14722,8454,6224,76,0,0
2017-03-28,8096,14785,8517,6388,81,0,0
2017-03-29,7968,15487,8531,6241,93,0,0
2017-03-30,7624,15014,8122,5836,87,0,0
2017-03-31,7373,14068,7817,5665,69,0,0
2017-04-01,7627,13840,7987,5976,78,0,0
2017-04-02,7970,15161,8488,6203,82,0,0
2017-04-03,7827,15386,8361,5994,80,0,0
2017-04-04,7359,15506,7811,5510,83,0,0
2017-04-05,7201,13538,7526,5521,80,0,0
2017-04-06,7249,13767,7605,5377,80,0,0
2017-04-07,6950,13052,7292,5254,71,0,0
2017-04-08,6262,11439,6648,4947,68,0,0
2017-04-09,6347,12067,6701,4855,78,0,0
2017-04-10,6337,12033,6719,4883,75,0,0
2017-04-11,7011,13225,7513,5456,74,0,0
2017-04-12,8038,13900,8415,6181,62,0,0
2017-04-13,10204,17707,10830,8061,62,0,0
2017-04-14,10322,17967,10990,8253,67,0,0
2017-04-15,8806,15271,9285,6988,62,0,0
2017-04-16,21469,37310,22710,16452,67,0,0
2017-04-17,14149,27777,14922,10188,73,0,0
2017-04-18,10477,20391,11127,7851,74,0,0
2017-04-19,35249,50045,36246,30063,35,0,0
2017-04-20,13080,23052,13730,10242,59,0,0
2017-04-21,11195,20578,11770,8228,68,0,0
2017-04-22,8363,14911,8892,6258,66,0,0
2017-04-23,8071,14772,8486,6231,69,0,0
2017-04-24,8548,15685,8981,6587,72,0,0
2017-04-25,8179,14435,8633,6410,60,0,0
2017-04-26,7717,14183,8186,5975,67,0,0
2017-04-27,7489,13680,7869,5706,67,0,0
2017-04-28,7011,13079,7342,5301,69,0,0
2017-04-29,10897,16223,11306,9440,36,0,0
2017-04-30,8115,14750,8418,6104,61,0,0
2017-05-01,7923,14731,8382,5982,70,0,0
2017-05-02,7653,13879,8156,5918,67,0,0
2017-05-03,12064,21432,12821,9369,69,0,0
2017-05-04,9065,17003,9524,6938,72,0,0
2017-05-05,8668,15453,9066,6757,66,0,0
2017-05-06,7559,12839,8032,6130,59,0,0
2017-05-07,7065,12279,7410,5465,63,0,0
2017-05-08,7589,13694,7946,5815,67,0,0
2017-05-09,7908,14439,8440,6023,69,0,0
2017-05-10,7363,13436,7787,5634,67,0,0
2017-05-11,7019,12511,7409,5431,64,0,0
2017-05-12,6703,12084,7098,5281,64,0,0
2017-05-13,6279,11498,6524,4736,69,0,0
2017-05-14,5789,11085,6111,4466,71,0,0
2017-05-15,6356,11424,6691,4928,68,0,0
2017-05-16,6376,11956,6735,4848,75,0,0
2017-05-17,1462,2493,1516,1002,94,0,0
2017-05-18,4263,6743,4490,3042,69,0,0
2017-05-19,4018,6443,4220,2364,78,0,0
2017-05-20,3444,5451,3610,1861,83,0,0
2017-05-21,4776,7596,5018,2711,83,0,0
2017-05-22,5434,8280,5687,3141,77,0,0
2017-05-23,4157,6434,4412,2466,80,0,0
2017-05-24,3766,6088,3986,2163,90,0,0
2017-05-25,4317,7003,4582,2529,84,0,0
2017-05-26,4406,7131,4729,2613,81,0,0
2017-05-27,4031,6774,4272,2474,76,0,0
2017-05-28,5186,12019,5566,2796,111,0,0
2017-05-29,3972,7122,4245,2365,87,0,0
2017-05-30,5343,8187,5624,2816,85,0,0
2017-05-31,5060,8021,5307,2805,81,0,0
2017-06-01,3998,6474,4233,2396,78,0,0
2017-06-02,3761,5890,3972,2307,73,0,0
2017-06-03,3794,6006,3967,2282,78,0,0
2017-06-04,3907,6189,4103,2351,70,0,0
2017-06-05,5109,8047,5355,2833,76,0,0
2017-06-06,4786,9770,5054,2091,84,0,0
2017-06-07,5010,11189,5290,1746,80,0,0
2017-06-08,5338,9638,5648,2436,77,0,0
2017-06-09,4948,8029,5214,2716,86,0,0
2017-06-10,4786,7389,5034,2599,75,0,0
2017-06-11,5219,8070,5513,2783,77,0,0
2017-06-12,5631,8580,5962,3023,84,0,0
2017-06-13,5178,8196,5504,2803,92,0,0
2017-06-14,5952,9445,6368,3146,85,0,0
2017-06-15,5287,8453,5597,2798,83,0,0
2017-06-16,4749,7681,5050,2582,78,0,0
2017-06-17,4515,6917,4743,2464,78,0,0
2017-06-18,4738,7482,4998,2497,84,0,0
2017-06-19,5153,8225,5481,2727,87,0,0
2017-06-20,5278,8230,5586,2828,83,0,0
2017-06-21,5224,8407,5518,2794,90,0,0
2017-06-22,5065,8053,5341,2691,82,0,0
2017-06-23,5043,7795,5313,2687,83,0,0
2017-06-24,5261,8453,5551,2743,98,0,0
2017-06-25,6300,9476,6584,3431,79,0,0
2017-06-26,6453,9981,6805,3477,82,0,0
2017-06-27,6162,9714,6531,3314,90,0,0
2017-06-28,5933,9964,6335,3176,95,0,0
2017-06-29,6410,9903,6725,3391,80,0,0
2017-06-30,5818,9003,6129,3224,75,0,0
2017-07-01,6168,9049,6472,3427,73,0,0
2017-07-02,7661,11298,7985,3519,89,0,0
2017-07-03,17656,32203,23606,8976,65,0,0
2017-07-04,15108,24464,18655,9020,56,0,0
2017-07-05,6976,11251,7676,3904,69,0,0
2017-07-06,6162,9883,6635,3524,77,0,0
2017-07-07,5866,9138,6285,3469,80,0,0
2017-07-08,5802,8911,6149,3355,69,0,0
2017-07-09,5786,9016,6131,3266,76,0,0
2017-07-10,5573,8960,5958,3136,81,0,0
2017-07-11,5949,9433,6286,3284,83,0,0
2017-07-12,6848,10583,7201,4246,72,0,0
2017-07-13,5618,9053,5967,3174,78,0,0
2017-07-14,6162,9682,6542,3200,82,0,0
2017-07-15,6425,9757,6726,3370,82,0,0
2017-07-16,5923,9198,6236,3281,76,0,0
2017-07-17,6098,9840,6509,3340,86,0,0
2017-07-18,5624,9063,5975,3211,81,0,0
2017-07-19,6170,8922,5872,2909,84,0,0
2017-07-20,6578,10065,6648,3390,79,0,0
2017-07-21,6650,10223,6981,3742,76,0,0
2017-07-22,5125,7853,5370,3080,71,0,0
2017-07-23,5381,8514,5647,3084,76,0,0
2017-07-24,5381,8742,5699,3200,87,0,0
2017-07-25,5481,8973,5845,3572,80,0,0
2017-07-26,5468,9092,5851,4079,78,0,0
2017-07-27,5519,9154,5810,4087,69,0,0
2017-07-28,5274,8907,5552,3806,77,0,0
2017-07-29,9232,15138,10018,7018,60,0,0
2017-07-30,7637,12684,8190,5829,60,0,0
2017-07-31,5929,10088,6300,4380,77,0,0
2017-08-01,5822,9805,6188,4351,80,0,0
2017-08-02,6357,11135,6832,3701,97,0,0
2017-08-03,5559,9464,5962,3287,98,0,0
2017-08-04,5429,9176,5776,3177,97,0,0
2017-08-05,5053,8344,5320,2849,87,0,0
2017-08-06,5281,8486,5611,2955,86,0,0
2017-08-07,5671,9509,6047,3366,86,0,0
2017-08-08,5832,9782,6230,3380,90,0,0
2017-08-09,5987,9949,6384,3464,95,0,0
2017-08-10,5720,9061,6109,3566,77,0,0
2017-08-11,5245,8404,5533,3107,81,0,0
2017-08-12,4619,7360,4860,2761,69,0,0
2017-08-13,4727,7524,4972,2825,74,0,0
2017-08-14,5412,8659,5704,3145,85,0,0
2017-08-15,6186,9708,6495,3927,75,0,0
2017-08-16,5455,8786,5764,3250,79,0,0
2017-08-17,5718,9480,6084,3487,82,0,0
2017-08-18,6087,9980,6405,3551,83,0,0
2017-08-19,5568,9131,5898,3159,87,0,0
2017-08-20,4899,8030,5152,2872,81,0,0
2017-08-21,4888,8049,5141,2874,91,0,0
2017-08-22,5395,8969,5719,3253,83,0,0
2017-08-23,5723,9378,6079,3397,76,0,0
2017-08-24,7602,11502,8051,4367,67,0,0
2017-08-25,5282,8318,5537,3250,83,0,0
2017-08-26,4382,7030,4586,2666,87,0,0
2017-08-27,5706,8975,6006,3355,81,0,0
2017-08-28,6778,11016,7183,4012,80,0,0
2017-08-29,6446,10640,6870,3787,84,0,0
2017-08-30,8170,12859,8490,4752,87,0,0
2017-08-31,14405,23969,16607,5056,81,0,0
2017-09-01,7778,12236,8290,3807,89,0,0
2017-09-02,9566,14989,10327,4489,101,0,0
2017-09-03,6866,10915,7273,3964,76,0,0
2017-09-04,6103,10127,6529,3482,83,0,0
2017-09-05,5872,9460,6193,3506,89,0,0
2017-09-06,6691,10706,7050,3772,90,0,0
2017-09-07,6152,10516,6529,3719,96,0,0
2017-09-08,5709,9391,5984,3453,88,0,0
2017-09-09,5336,8745,5682,3173,87,0,0
2017-09-10,5072,8731,5363,3004,94,0,0
2017-09-11,5659,9635,5974,3425,97,0,0
2017-09-12,8168,12415,8574,4649,76,0,0
2017-09-13,11927,17765,13596,5696,71,0,0
2017-09-14,9411,14138,10376,4925,72,0,0
2017-09-15,7285,11905,7861,4238,84,0,0
2017-09-16,6909,11067,7454,3800,77,0,0
2017-09-17,8802,14027,9378,4935,77,0,0
2017-09-18,9052,14818,9587,5133,82,0,0
2017-09-19,9180,16371,9803,5451,83,0,0
2017-09-20,7399,12125,7840,4342,84,0,0
2017-09-21,11407,18665,13165,6009,98,0,0
2017-09-22,6924,15042,7387,2739,79,0,0
2017-09-23,5928,12882,6266,2328,84,0,0
2017-09-24,6314,14187,6671,2139,82,0,0
2017-09-25,8801,19678,9717,2513,84,0,0
2017-09-26,10965,25433,11990,3303,91,0,0
2017-09-27,9788,22289,10700,2883,81,0,0
2017-09-28,9407,21335,10009,2708,82,0,0
2017-09-29,7889,17578,8401,2584,89,0,0
2017-09-30,8455,19058,8988,2439,86,0,0
2017-10-01,7768,16586,8196,3270,82,0,0
2017-10-02,8447,18685,8908,3067,81,0,0
2017-10-03,24449,60005,26587,3558,77,0,0
2017-10-04,66639,159403,71386,6175,70,0,0
2017-10-05,18708,28073,19550,9734,72,0,0
2017-10-06,11225,17398,11956,6328,75,0,0
2017-10-07,11678,19278,12488,6241,80,0,0
2017-10-08,11632,18643,12397,6411,79,0,0
2017-10-09,11285,17693,11810,6396,84,0,0
2017-10-10,18833,31075,21732,10210,93,0,0
2017-10-11,19938,28488,21118,10648,79,0,0
2017-10-12,13867,20706,14557,7889,84,0,0
2017-10-13,10560,17176,11429,6120,89,0,0
2017-10-14,7963,12832,8544,4772,81,0,0
2017-10-15,7745,12935,8294,4681,92,0,0
2017-10-16,9728,17110,10348,5606,94,0,0
2017-10-17,14227,23347,15085,7012,96,0,0
2017-10-18,11958,19512,12498,6267,89,0,0
2017-10-19,10365,17425,11061,6002,80,0,0
2017-10-20,21571,30482,22605,7494,70,0,0
2017-10-21,15468,25629,16531,3938,78,0,0
2017-10-22,12146,20556,12851,3808,81,0,0
2017-10-23,11156,19346,11927,3914,85,0,0
2017-10-24,10320,17702,10962,3838,87,0,0
2017-10-25,11122,19449,11764,3834,83,0,0
2017-10-26,10887,18188,11510,3494,85,0,0
2017-10-27,9273,15493,9850,3356,84,0,0
2017-10-28,7669,13627,8149,4522,87,0,0
2017-10-29,8507,15074,9065,5012,91,0,0
2017-10-30,9801,16841,10331,5687,83,0,0
2017-10-31,13702,20442,14434,8629,66,0,0
2017-11-01,9577,16012,10136,5959,81,0,0
2017-11-02,9264,15316,9775,5620,86,0,0
2017-11-03,14951,21692,15654,8720,76,0,0
2017-11-04,8603,13874,9067,5077,79,0,0
2017-11-05,10050,16605,10761,5763,89,0,0
2017-11-06,9826,16315,10258,5856,83,0,0
2017-11-07,9852,17199,10464,5877,99,0,0
2017-11-08,11223,18215,11982,6788,78,0,0
2017-11-09,10185,16576,10741,6183,81,0,0
2017-11-10,20194,53728,25540,13039,125,0,0
2017-11-11,15318,30605,17480,9772,86,0,0
2017-11-12,11899,21547,12730,6927,89,0,0
2017-11-13,12323,20598,12971,7145,86,0,0
2017-11-14,14072,22197,14916,8339,74,0,0
2017-11-15,23359,33055,24581,13237,64,0,0
2017-11-16,28059,41746,29447,15145,78,0,0
2017-11-17,19892,31248,21184,11190,80,0,0
2017-11-18,12230,19518,12918,7134,78,0,0
2017-11-19,14662,24267,15558,8783,80,0,0
2017-11-20,14931,25053,15967,9094,79,0,0
2017-11-21,12791,21783,13754,7734,82,0,0
2017-11-22,12236,20360,13002,7301,79,0,0
2017-11-23,10864,18114,11592,6672,77,0,0
2017-11-24,23292,40067,24849,13981,87,0,0
2017-11-25,18064,31300,19562,11352,81,0,0
2017-11-26,18299,31854,19972,11526,80,0,0
2017-11-27,33554,59979,37230,21251,82,0,0
2017-11-28,651685,1356165,736434,393993,103,1,1
2017-11-29,151892,291230,166307,77766,94,1,0
2017-11-30,69378,130091,75856,35152,95,0,0
2017-12-01,43886,81894,47014,23037,92,0,0
2017-12-02,33267,64605,36312,17419,94,0,0
2017-12-03,30193,57946,32674,15599,97,0,0
2017-12-04,32442,57595,34667,16284,95,0,0
2017-12-05,28658,54728,30829,14484,104,0,0
2017-12-06,23004,44176,24668,12312,99,0,0
2017-12-07,19854,38197,21405,10720,101,0,0
2017-12-08,18452,35631,19933,9977,94,0,0
2017-12-09,17505,32535,18859,9285,91,0,0
2017-12-10,17192,31925,18287,9170,95,0,0
2017-12-11,20143,38096,21751,10650,90,0,0
2017-12-12,19649,35942,21042,10166,94,0,0
2017-12-13,20747,38030,22322,10599,104,0,0
2017-12-14,17891,31010,19140,9475,90,0,0
2017-12-15,18934,31789,20364,9981,87,0,0
2017-12-16,17759,29059,19142,9675,86,0,0
2017-12-17,19076,31423,20321,11657,77,0,0
2017-12-18,15658,27831,16734,8719,91,0,0
2017-12-19,16432,40908,17607,7464,102,0,0
2017-12-20,14018,35375,15251,6441,109,0,0
2017-12-21,14476,37403,15696,6467,112,0,0
2017-12-22,12812,33500,13999,5897,101,0,0
2017-12-23,13783,34410,14517,5794,98,0,0
2017-12-24,13571,33229,14474,5964,92,0,0
2017-12-25,10744,27092,11641,5055,97,0,0
2017-12-26,13080,33811,14136,6014,106,0,0
2017-12-27,17118,42281,18299,6566,105,0,0
2017-12-28,19826,47039,21136,7609,110,0,0
2017-12-29,15955,41543,17258,6741,106,0,0
2017-12-30,18568,50253,20021,7026,102,0,0
2017-12-31,45897,121293,48383,14322,69,0,0
2018-01-01,17539,46598,19083,7430,100,0,0
2018-01-02,19345,50586,20690,8452,106,0,0
2018-01-03,17934,49068,19334,7278,117,0,0
2018-01-04,25557,66914,27702,10090,109,0,0
2018-01-05,22959,58317,24544,9548,112,0,0
2018-01-06,19641,49765,21145,8634,106,0,0
2018-01-07,30527,76914,32303,12127,106,0,0
2018-01-08,28132,75583,30176,11359,113,0,0
2018-01-09,24612,67847,26838,10204,115,0,0
2018-01-10,29739,74447,32079,12479,113,0,0
2018-01-11,30146,72655,32374,12681,108,0,0
2018-01-12,23929,59126,25910,10561,112,0,0
2018-01-13,22836,56649,24808,9559,107,0,0
2018-01-14,25011,60700,27087,10776,106,0,0
2018-01-15,23562,58594,25342,9924,114,0,0
2018-01-16,27240,68125,29215,11394,113,0,0
2018-01-17,34318,94367,38031,13783,118,0,0
2018-01-18,28746,71147,31083,12396,114,0,0
2018-01-19,27819,68975,29878,11790,112,0,0
2018-01-20,27820,68689,30472,12003,106,0,0
2018-01-21,43352,105697,46839,18464,108,1,0
2018-01-22,49380,120459,53238,22621,108,1,0
2018-01-23,68206,166205,74059,29906,108,1,0
2018-01-24,68203,125934,74786,36563,98,1,0
2018-01-25,108074,188772,113915,59589,91,1,0
2018-01-26,148597,263485,162553,83520,90,1,0
2018-01-27,218441,400447,239369,115879,93,1,1
2018-01-28,1609729,5446407,1934941,612022,221,1,0
2018-01-29,727530,1841975,810777,314663,152,1,0
2018-01-30,192235,454551,210881,88760,152,1,0
2018-01-31,97311,221899,105589,46090,150,1,0
2018-02-01,71273,154508,76868,35098,137,0,0
2018-02-02,57626,121012,62334,29541,129,0,0
2018-02-03,49644,102467,53676,25921,132,0,0
2018-02-04,42646,83790,46103,22683,123,0,0
2018-02-05,33561,65429,35648,18074,127,0,0
2018-02-06,29671,58188,31942,16112,128,0,0
2018-02-07,26192,51669,28333,14456,127,0,0
2018-02-08,24574,45856,26199,13446,120,0,0
2018-02-09,22637,41945,24302,12569,114,0,0
2018-02-10,20196,37309,21866,11554,113,0,0
2018-02-11,20338,37770,21661,11446,110,0,0
2018-02-12,18409,32714,19975,10999,103,0,0
2018-02-13,19598,31984,20994,11577,99,0,0
2018-02-14,18250,28243,19391,11104,87,0,0
2018-02-15,16454,26273,17483,10062,89,0,0
2018-02-16,15437,24523,16367,9639,85,0,0
2018-02-17,14342,22603,15224,8925,81,0,0
2018-02-18,13962,22198,14881,8923,81,0,0
2018-02-19,14807,23125,15714,9831,78,0,0
2018-02-20,14557,22345,15249,9098,81,0,0
2018-02-21,15137,24313,16096,9478,89,0,0
2018-02-22,18111,27823,19264,10700,86,0,0
2018-02-23,14628,23056,15644,9082,86,0,0
2018-02-24,14230,21663,15125,8576,80,0,0
2018-02-25,15115,23188,16015,9499,77,0,0
2018-02-26,15376,23608,16312,9722,82,0,0
2018-02-27,14965,23642,15825,9437,83,0,0
2018-02-28,14252,22652,15049,8885,86,0,0
2018-03-01,14424,22484,15255,9077,83,0,0
2018-03-02,14341,21964,15224,9062,77,0,0
2018-03-03,13462,20612,14217,8485,74,0,0
2018-03-04,20413,30671,21564,13342,70,0,0
2018-03-05,17573,27105,18688,11439,75,0,0
2018-03-06,15571,23846,16543,9701,78,0,0
2018-03-07,13895,21700,14866,8974,78,0,0
2018-03-08,18045,36689,19241,7047,83,0,0
2018-03-09,16433,32319,17298,7181,78,0,0
2018-03-10,13153,19936,13967,8523,76,0,0
2018-03-11,13166,20129,13972,8420,77,0,0
2018-03-12,14960,22542,15710,9629,76,0,0
2018-03-13,12650,18902,13167,7803,81,0,0
2018-03-14,12623,18381,13029,7617,80,0,0
2018-03-15,11401,16916,11832,6980,77,0,0
2018-03-16,11065,15929,11447,6749,72,0,0
2018-03-17,10333,14987,10714,6251,77,0,0
2018-03-18,12536,17448,12801,7997,70,0,0
2018-03-19,12171,17647,12598,7467,76,0,0
2018-03-20,11870,17751,12335,7267,86,0,0
2018-03-21,11377,16460,11654,6892,79,0,0
2018-03-22,11892,17304,12215,7116,84,0,0
2018-03-23,10390,15230,10893,6398,79,0,0
2018-03-24,13761,18858,14345,7061,67,0,0
2018-03-25,11217,16236,11672,6609,76,0,0
2018-03-26,11018,16205,11400,6655,84,0,0
2018-03-27,11937,17194,12467,7199,74,0,0
2018-03-28,11564,16114,11798,6787,72,0,0
2018-03-29,10577,15037,11006,6504,78,0,0
2018-03-30,14669,19334,15052,7558,74,0,0
2018-03-31,12940,17515,13226,7426,68,0,0
2018-04-01,10324,14529,10544,6237,75,0,0
2018-04-02,10708,15752,11194,6693,78,0,0
2018-04-03,11391,16220,11647,6826,71,0,0
2018-04-04,10868,15648,11330,6699,74,0,0
2018-04-05,12621,17980,13104,8113,69,0,0
2018-04-06,14754,19798,15095,7691,71,0,0
2018-04-07,13945,18796,14281,7569,70,0,0
2018-04-08,12451,17427,12844,7350,71,0,0
2018-04-09,13034,19018,13480,7722,74,0,0
2018-04-10,24432,35926,25403,13406,81,0,0
2018-04-11,22569,33376,23297,11262,80,0,0
2018-04-12,16688,24528,17327,9768,75,0,0
2018-04-13,13873,20125,14311,7986,75,0,0
2018-04-14,13482,18419,13835,7957,65,0,0
2018-04-15,16003,22607,16643,9557,67,0,0
2018-04-16,15870,22296,16319,9604,71,0,0
2018-04-17,15965,21951,16287,9116,72,0,0
2018-04-18,29388,42159,30690,14956,97,0,0
2018-04-19,19914,27166,20472,12028,69,0,0
2018-04-20,19957,26827,21019,11067,61,0,0
2018-04-21,20366,26620,21546,10739,55,0,0
2018-04-22,17963,23655,18978,9778,58,0,0
2018-04-23,17698,24007,18486,9678,62,0,0
2018-04-24,16290,22103,17129,9129,72,0,0
2018-04-25,15499,21472,16376,8673,70,0,0
2018-04-26,16901,22733,17603,9258,70,0,0
2018-04-27,15228,20153,15462,8497,66,0,0
2018-04-28,15602,20754,16418,8740,61,0,0
2018-04-29,15171,19795,15706,7607,61,0,0
2018-04-30,19538,25173,20200,9680,67,0,0
2018-05-01,14258,19391,14711,8015,71,0,0
2018-05-02,14338,19817,14832,7805,79,0,0
2018-05-03,14110,18984,14569,7537,71,0,0
2018-05-04,11855,15934,12086,6997,72,0,0
2018-05-05,9660,13375,9982,5731,69,0,0
2018-05-06,9865,13604,10192,5890,78,0,0
2018-05-07,15197,20591,15712,7878,79,0,0
2018-05-08,13533,18736,14147,7977,79,0,0
2018-05-09,15412,20933,15880,7661,74,0,0
2018-05-10,16306,21462,16752,9593,66,0,0
2018-05-11,38857,52629,42948,26001,54,0,0
2018-05-12,14032,18952,14775,8307,64,0,0
2018-05-13,11393,15906,11895,6706,75,0,0
2018-05-14,13385,18954,13901,7557,78,0,0
2018-05-15,19229,30010,19921,8200,411,0,0
2018-05-16,15021,21813,15343,7419,313,0,0
2018-05-17,14457,20592,14677,7537,291,0,0
2018-05-18,13300,18406,13422,7317,253,0,0
2018-05-19,13694,17815,13609,6956,223,0,0
2018-05-20,13506,18618,13528,7365,247,0,0
2018-05-21,13825,19891,13898,7881,268,0,0
2018-05-22,13659,19572,13888,7746,267,0,0
2018-05-23,12272,17003,12205,6756,259,0,0
2018-05-24,11203,15844,11312,6552,274,0,0
2018-05-25,10547,14690,10476,6155,278,0,0
2018-05-26,10256,13473,9966,5729,254,0,0
2018-05-27,11040,15344,10927,6230,256,0,0
2018-05-28,10719,15365,10822,6315,288,0,0
2018-05-29,11735,17419,11870,6783,297,0,0
2018-05-30,14774,20555,14911,7695,274,0,0
2018-05-31,13053,17758,13211,6417,242,0,0
2018-06-01,11825,16289,11767,6072,265,0,0
2018-06-02,9932,13248,9881,5747,213,0,0
2018-06-03,9586,13226,9530,5468,254,0,0
2018-06-04,10093,14899,10245,5846,324,0,0
2018-06-05,10463,14842,10405,5965,279,0,0
2018-06-06,11449,15810,11504,6819,237,0,0
2018-06-07,10669,15170,10796,6249,255,0,0
2018-06-08,10215,14300,10250,5891,267,0,0
2018-06-09,21010,27986,21659,8835,279,0,0
2018-06-10,14918,20506,15207,7698,306,0,0
2018-06-11,22842,30176,23244,9366,264,0,0
2018-06-12,21508,28428,21829,8972,303,0,0
2018-06-13,12669,17162,12829,6623,264,0,0
2018-06-14,11022,15290,11037,6168,274,0,0
2018-06-15,10217,14019,10243,5958,250,0,0
2018-06-16,12887,17017,12796,5879,235,0,0
2018-06-17,16016,22000,16169,6785,226,0,0
2018-06-18,11613,16463,11690,6368,283,0,0
2018-06-19,6673,9858,6680,3683,276,0,0
2018-06-20,8828,13029,8899,4739,265,0,0
2018-06-21,15204,20501,15259,6945,212,0,0
2018-06-22,10595,14895,10683,5893,255,0,0
2018-06-23,9752,13361,9719,5500,257,0,0
2018-06-24,9781,13669,9712,5614,272,0,0
2018-06-25,10033,14251,9973,5690,266,0,0
2018-06-26,10997,15810,11090,6151,275,0,0
2018-06-27,10292,14653,10391,5697,277,0,0
2018-06-28,10581,14784,10542,6003,287,0,0
2018-06-29,10195,14621,10260,5853,300,0,0
2018-06-30,11166,14892,11289,5640,226,0,0
2018-07-01,67364,91866,70234,10304,213,0,0
2018-07-02,49869,69493,51147,11064,246,0,0
2018-07-03,20157,28519,20511,7924,311,0,0
2018-07-04,16373,23245,16712,6682,278,0,0
2018-07-05,30550,46992,30868,10400,285,0,0
2018-07-06,30732,46183,32035,10271,280,0,0
2018-07-07,16025,22846,16185,6955,298,0,0
2018-07-08,25783,35809,26316,9211,265,0,0
2018-07-09,23247,34600,24161,9302,355,0,0
2018-07-10,16213,23675,16309,7424,320,0,0
2018-07-11,13469,19585,13614,6576,318,0,0
2018-07-12,13044,18823,13031,6628,319,0,0
2018-07-13,12756,18378,12875,6343,312,0,0
2018-07-14,12056,17576,12218,6013,296,0,0
2018-07-15,10760,15569,10970,5416,330,0,0
2018-07-16,15624,22251,16045,6871,330,0,0
2018-07-17,16345,23123,16655,7928,264,0,0
2018-07-18,15970,21344,16284,9911,231,0,0
2018-07-19,9734,14262,9946,5626,287,0,0
2018-07-20,9257,13378,9375,5270,258,0,0
2018-07-21,9987,14081,9965,5170,279,0,0
2018-07-22,14751,22115,15158,7232,266,0,0
2018-07-23,11891,18826,12264,6064,318,0,0
2018-07-24,9892,15171,9910,5237,320,0,0
2018-07-25,8862,13174,8920,4972,333,0,0
2018-07-26,10174,14910,10313,5358,265,0,0
2018-07-27,9225,13393,9374,5077,308,0,0
2018-07-28,9197,13075,9385,4804,281,0,0
2018-07-29,8828,12721,8845,4700,289,0,0
2018-07-30,9379,13757,9448,5095,320,0,0
2018-07-31,11026,15377,11083,5518,297,0,0
2018-08-01,10924,14813,11003,5258,295,0,0
2018-08-02,9393,13447,9506,4875,298,0,0
2018-08-03,8612,12808,8770,4811,301,0,0
2018-08-04,8130,11814,8172,4640,255,0,0
2018-08-05,9189,12984,9302,4905,271,0,0
2018-08-06,8193,11929,8238,4652,310,0,0
2018-08-07,8916,12945,9027,4849,293,0,0
2018-08-08,9225,13631,9342,5097,330,0,0
2018-08-09,24499,31433,25040,10572,225,0,0
2018-08-10,16517,22140,16832,7779,282,0,0
2018-08-11,11421,16046,11629,5781,286,0,0
2018-08-12,10167,14776,10476,5173,283,0,0
2018-08-13,10238,15782,10413,5747,348,0,0
2018-08-14,10163,15071,10301,5799,292,0,0
2018-08-15,9199,13865,9330,5199,291,0,0
2018-08-16,15712,23476,16046,9177,247,0,0
2018-08-17,11571,17293,11787,6877,256,0,0
2018-08-18,9539,14508,9642,5405,284,0,0
2018-08-19,8731,13394,8809,4890,288,0,0
2018-08-20,9854,15232,9871,5566,300,0,0
2018-08-21,11491,17676,11565,6263,299,0,0
2018-08-22,9866,14917,10002,5556,319,0,0
2018-08-23,9532,14272,9681,5356,269,0,0
2018-08-24,12500,18400,12641,6368,247,0,0
2018-08-25,10492,16080,10578,5364,281,0,0
2018-08-26,10211,15215,10368,5229,255,0,0
2018-08-27,9868,15578,10002,5456,296,0,0
2018-08-28,11417,17155,11434,6604,264,0,0
2018-08-29,9398,14372,9476,5474,275,0,0
2018-08-30,8888,13367,8876,5288,280,0,0
2018-08-31,10104,15053,10166,6113,233,0,0
2018-09-01,8068,12752,8130,4791,276,0,0
2018-09-02,8418,13215,8518,4924,267,0,0
2018-09-03,8811,13675,8878,5194,253,0,0
2018-09-04,9484,14242,9360,5578,278,0,0
2018-09-05,9866,14843,9928,6065,249,0,0
2018-09-06,9203,14189,9303,5654,255,0,0
2018-09-07,9303,14019,9401,5526,256,0,0
2018-09-08,8487,12870,8483,4999,243,0,0
2018-09-09,8107,12271,8111,4770,295,0,0
2018-09-10,9589,14836,9686,5561,256,0,0
2018-09-11,11365,18947,11575,6493,312,0,0
2018-09-12,34804,45342,35866,14067,234,0,0
2018-09-13,38017,51866,39928,17114,269,0,0
2018-09-14,22600,32157,23539,11979,300,0,0
2018-09-15,17046,24855,17446,9256,264,0,0
2018-09-16,10883,16956,11197,6234,335,0,0
2018-09-17,11636,18299,11737,6788,296,0,0
2018-09-18,12115,18369,12050,6988,288,0,0
2018-09-19,12838,19122,12950,6860,313,0,0
2018-09-20,13749,22108,14144,7628,268,0,0
2018-09-21,11174,17922,11356,6334,277,0,0
2018-09-22,9108,14240,9151,5232,290,0,0
2018-09-23,9115,13905,9162,5347,290,0,0
2018-09-24,10172,15820,10368,5860,275,0,0
2018-09-25,10572,16927,10863,6260,278,0,0
2018-09-26,11873,18343,11970,6993,290,0,0
2018-09-27,12056,18037,12121,7017,277,0,0
2018-09-28,10128,15767,10243,6049,303,0,0
2018-09-29,9150,14105,9216,5345,272,0,0
2018-09-30,9987,15655,10145,5931,282,0,0
2018-10-01,10623,16516,10725,6215,264,0,0
2018-10-02,11575,17267,11682,6622,286,0,0
2018-10-03,11211,16801,11193,6396,262,0,0
2018-10-04,11693,16939,11467,6594,259,0,0
2018-10-05,11749,18060,11737,6587,255,0,0
2018-10-06,9752,14806,9731,5717,284,0,0
2018-10-07,9552,14551,9646,5599,271,0,0
2018-10-08,12069,17962,12161,6497,253,0,0
2018-10-09,14755,22843,14954,7904,326,0,0
2018-10-10,14698,22695,14922,7885,292,0,0
2018-10-11,17087,24788,17238,9019,265,0,0
2018-10-12,13107,19372,13348,7685,282,0,0
2018-10-13,9656,15072,9868,5688,276,0,0
2018-10-14,9806,15620,11992,7424,18,0,0
2018-10-15,11399,18164,14149,8527,18,0,0
2018-10-16,11089,17435,13719,8188,18,0,0
2018-10-17,14046,24466,17660,9459,21,0,0
2018-10-18,15779,27970,19366,10867,20,0,0
2018-10-19,14546,25714,17821,9843,21,0,0
2018-10-20,12101,21293,14783,8193,21,0,0
2018-10-21,12445,20525,12774,6163,259,0,0
2018-10-22,15770,24647,18560,9841,20,0,0
2018-10-23,13986,23469,17127,9662,20,0,0
2018-10-24,13059,21149,15620,9221,19,0,0
2018-10-25,12552,20583,15317,9391,17,0,0
2018-10-26,12348,19645,14655,8971,17,0,0
2018-10-27,10442,16872,12581,7665,18,0,0
2018-10-28,9750,15950,12018,7557,17,0,0
2018-10-29,12609,20919,15208,8648,19,0,0
2018-10-30,12068,19818,14388,8394,19,0,0
2018-10-31,12904,20528,15621,8031,19,0,0
2018-11-01,11369,17448,13505,8324,16,0,0
2018-11-02,10765,16969,12763,8101,17,0,0
2018-11-03,9907,15391,11562,7394,18,0,0
2018-11-04,10296,16757,12356,7849,18,0,0
2018-11-05,10967,16957,11205,6741,73,0,0
2018-11-06,10920,17389,11398,6869,72,0,0
2018-11-07,10030,15838,10534,6468,72,0,0
2018-11-08,10093,15361,10469,6430,65,0,0
2018-11-09,10185,15312,10605,6600,68,0,0
2018-11-10,9468,14203,9841,5933,64,0,0
2018-11-11,9835,15279,10139,6147,72,0,0
2018-11-12,10946,16954,11292,6760,72,0,0
2018-11-13,11421,17693,11809,6993,73,0,0
2018-11-14,13338,20119,13845,8021,72,0,0
2018-11-15,23750,34995,24659,13094,70,0,0
2018-11-16,19538,29465,20116,10815,69,0,0
2018-11-17,12206,18615,12648,7416,68,0,0
2018-11-18,11053,16901,11547,6794,70,0,0
2018-11-19,10408,16562,10820,6560,75,0,0
2018-11-20,12144,18093,12486,7302,66,0,0
2018-11-21,9468,14668,9828,5818,73,0,0
2018-11-22,8124,12263,8309,5063,70,0,0
2018-11-23,7855,12233,8093,4772,74,0,0
2018-11-24,8017,12899,8262,4725,79,0,0
2018-11-25,9007,14057,9384,5397,79,0,0
2018-11-26,11403,17785,11801,6688,82,0,0
2018-11-27,10513,17045,11050,6312,84,0,0
2018-11-28,11261,18229,11658,6705,85,0,0
2018-11-29,14385,22312,15066,8439,72,0,0
2018-11-30,17001,24996,17661,9601,68,0,0
2018-12-01,12955,19490,13588,8368,65,0,0
2018-12-02,16595,24702,17368,10140,67,0,0
2018-12-03,16837,27294,17774,10473,80,0,0
2018-12-04,16334,27024,17194,10394,76,0,0
2018-12-05,19303,33537,20831,12474,76,0,0
2018-12-06,35466,62256,38093,20544,70,0,0
2018-12-07,818792,1572079,940177,363567,113,1,1
2018-12-08,236576,440312,262488,140825,87,1,0
2018-12-09,112219,214665,123438,65423,91,0,0
2018-12-10,91037,166528,99749,52887,96,0,0
2018-12-11,66312,117292,71977,38213,100,0,0
2018-12-12,53198,95091,58518,27399,109,0,0
2018-12-13,44162,80658,48118,19065,123,0,0
2018-12-14,34731,62964,37956,15718,116,0,0
2018-12-15,28664,50486,31083,12987,115,0,0
2018-12-16,28095,49743,30334,12695,114,0,0
2018-12-17,27811,49407,29959,12511,116,0,0
2018-12-18,29905,50588,31823,12494,123,0,0
2018-12-19,32623,55388,34998,12803,127,0,0
2018-12-20,25702,44186,27304,10827,107,0,0
2018-12-21,25186,44597,26204,10807,103,0,0
2018-12-22,21301,38493,22834,9751,105,0,0
2018-12-23,22409,39980,24140,10726,98,0,0
2018-12-24,18133,31711,19176,8492,99,0,0
2018-12-25,17230,30036,18289,7795,107,0,0
2018-12-26,24720,40634,26178,9652,109,0,0
2018-12-27,26447,44501,28228,10611,104,0,0
2018-12-28,21935,39348,23355,9410,111,0,0
2018-12-29,22570,40028,24247,9277,110,0,0
2018-12-30,22830,40143,24225,9741,107,0,0
2018-12-31,31358,49465,33002,11766,87,0,0
2019-01-01,21417,38124,22787,9724,108,0,0
2019-01-02,24533,44342,26414,10402,114,0,0
2019-01-03,24163,44051,26006,10426,111,0,0
2019-01-04,25232,46178,27086,11060,116,0,0
2019-01-05,20213,37101,21798,9472,110,0,0
2019-01-06,31493,63585,33980,13453,115,0,0
2019-01-07,29682,55397,31450,13857,105,0,0
2019-01-08,26337,46816,27975,11895,111,0,0
2019-01-09,31050,55619,33313,12763,111,0,0
2019-01-10,34999,56375,37426,13665,95,0,0
2019-01-11,31253,50135,33438,12814,96,0,0
2019-01-12,26998,43730,28595,11218,100,0,0
2019-01-13,34839,55601,37569,14006,111,0,0
2019-01-14,26990,44739,29045,11822,107,0,0
2019-01-15,29177,50994,31692,13010,121,0,0
2019-01-16,31616,53170,34107,13817,116,0,0
2019-01-17,58691,88536,62756,20785,83,0,0
2019-01-18,34227,54681,36723,14943,94,0,0
2019-01-19,26904,44504,28843,12299,102,0,0
2019-01-20,29118,48212,30951,13288,102,0,0
2019-01-21,29985,49574,32036,14055,106,0,0
2019-01-22,37440,63960,39698,16221,115,0,0
2019-01-23,31014,53285,32866,13962,113,0,0
2019-01-24,36353,59189,38524,15587,102,0,0
2019-01-25,31596,51309,33667,13727,96,0,0
2019-01-26,26408,44203,28040,12041,100,0,0
2019-01-27,28425,48697,30381,13547,105,0,0
2019-01-28,38114,75119,41251,17392,111,0,0
2019-01-29,36275,63300,38824,16815,108,0,0
2019-01-30,31155,54759,33422,14496,109,0,0
2019-01-31,34887,60166,37220,14862,114,0,0
2019-02-01,37613,63519,40210,16487,110,0,0
2019-02-02,34877,61390,37097,15325,112,0,0
2019-02-03,74796,126660,80575,32287,111,0,0
2019-02-04,80591,148003,86157,33800,115,1,0
2019-02-05,98345,186102,106565,39057,119,1,0
2019-02-06,101785,186301,109714,37676,115,1,0
2019-02-07,135879,240734,145643,52024,105,1,0
2019-02-08,168197,301769,180904,68979,109,1,0
2019-02-09,259145,500178,288669,118470,115,1,0
2019-02-10,2990487,13494574,3915507,1017249,283,1,1
2019-02-11,1539061,3515775,1690040,591345,133,1,0
2019-02-12,457474,1042436,492235,194187,132,1,0
2019-02-13,581827,1137085,606438,199640,105,1,0
2019-02-14,262693,509914,279235,110270,99,1,0
2019-02-15,160188,319546,172766,76035,104,1,0
2019-02-16,127694,256767,138135,62810,103,1,0
2019-02-17,108026,212415,114833,50791,102,0,0
2019-02-18,77774,151607,83121,36931,105,0,0
2019-02-19,65533,124452,69865,31971,108,0,0
2019-02-20,86186,153757,89759,39171,103,0,0
2019-02-21,69340,121003,70986,31802,101,0,0
2019-02-22,59623,102010,61742,27754,102,0,0
2019-02-23,84807,136496,91101,35767,117,0,0
2019-02-24,113431,185158,118584,48063,88,0,0
2019-02-25,102842,159223,109512,47912,86,0,0
2019-02-26,57188,88008,59718,28044,91,0,0
2019-02-27,202980,352906,215909,81722,106,0,0
2019-02-28,63723,96865,67385,32709,83,0,0
2019-03-01,50175,74412,52749,26544,80,0,0
2019-03-02,39966,59770,42359,20951,80,0,0
2019-03-03,33334,49948,34898,17289,84,0,0
2019-03-04,27474,41430,28873,15020,85,0,0
2019-03-05,23031,35805,24472,12856,82,0,0
2019-03-06,23428,34070,23988,12642,76,0,0
2019-03-07,28237,40576,29692,13923,103,0,0
2019-03-08,26165,36537,27326,13459,86,0,0
2019-03-09,24003,34300,25061,12135,77,0,0
2019-03-10,38020,54122,39990,18804,73,0,0
2019-03-11,26326,39271,27647,13478,82,0,0
2019-03-12,21661,32256,22777,11605,79,0,0
2019-03-13,23679,33671,25071,11821,77,0,0
2019-03-14,28496,38551,29317,14914,70,0,0
2019-03-15,21397,30525,22659,11964,72,0,0
2019-03-16,20086,28442,21193,11165,64,0,0
2019-03-17,17242,25169,18164,9491,74,0,0
2019-03-18,19456,28043,20388,10841,76,0,0
2019-03-19,20798,29004,21840,11204,71,0,0
2019-03-20,20993,29559,21934,11303,72,0,0
2019-03-21,17566,24935,18394,9597,75,0,0
2019-03-22,16062,22612,16925,9000,69,0,0
2019-03-23,15258,21927,16143,8319,69,0,0
2019-03-24,15189,21879,16044,8377,74,0,0
2019-03-25,16231,23485,17043,9059,76,0,0
2019-03-26,19386,26646,20230,9802,92,0,0
2019-03-27,17243,24409,18032,9381,76,0,0
2019-03-28,18838,26341,19868,9575,68,0,0
2019-03-29,16320,23334,17171,9154,68,0,0
2019-03-30,14453,20525,15117,7896,70,0,0
2019-03-31,16833,23637,17673,9569,66,0,0
2019-04-01,21656,30396,22570,13310,64,0,0
2019-04-02,17788,25540,18376,10001,74,0,0
2019-04-03,16558,23438,17386,9474,69,0,0
2019-04-04,18398,25352,19152,10264,64,0,0
2019-04-05,16889,24098,17691,9366,70,0,0
2019-04-06,13128,19143,13924,7132,73,0,0
2019-04-07,15262,21817,16033,8269,75,0,0
2019-04-08,16089,23262,16909,9267,80,0,0
2019-04-09,15928,23381,16717,8824,77,0,0
2019-04-10,14650,21123,15293,8228,82,0,0
2019-04-11,15700,23201,16598,8993,77,0,0
2019-04-12,24210,31699,25367,11286,72,0,0
2019-04-13,24621,31514,25851,11517,59,0,0
2019-04-14,18479,25283,19590,9684,70,0,0
2019-04-15,14331,20204,15097,8106,74,0,0
2019-04-16,15013,21654,15921,8217,75,0,0
2019-04-17,15252,21371,16222,8360,72,0,0
2019-04-18,15096,20669,15756,8175,72,0,0
2019-04-19,13852,18967,14408,7380,73,0,0
2019-04-20,13312,18226,13862,6961,70,0,0
2019-04-21,28803,40847,30229,11451,74,0,0
2019-04-22,20577,28934,21593,10084,85,0,0
2019-04-23,17208,24969,18235,8961,100,0,0
2019-04-24,13534,19797,14350,7540,90,0,0
2019-04-25,12814,18761,13471,7453,83,0,0
2019-04-26,12365,17882,12967,7167,83,0,0
2019-04-27,10679,15677,11335,6221,80,0,0
2019-04-28,10767,15946,11292,6060,84,0,0
2019-04-29,12443,18374,13305,7111,79,0,0
2019-04-30,12067,17350,12641,6988,77,0,0
2019-05-01,14844,21638,15593,8499,75,0,0
2019-05-02,15210,22163,16028,8672,73,0,0
2019-05-03,14414,20158,15074,8418,64,0,0
2019-05-04,20138,28287,21140,13744,54,0,0
2019-05-05,14305,20290,15040,7537,67,0,0
2019-05-06,14208,20349,14838,7882,75,0,0
2019-05-07,12787,18378,13436,7307,75,0,0
2019-05-08,11946,17483,12736,6925,77,0,0
2019-05-09,12415,18017,12926,6622,79,0,0
2019-05-10,11853,16821,12402,6412,79,0,0
2019-05-11,10256,14932,10865,5946,73,0,0
2019-05-12,9656,14281,10297,5692,77,0,0
2019-05-13,10554,15211,10980,6056,80,0,0
2019-05-14,11229,16285,11863,6574,80,0,0
2019-05-15,12654,17915,13232,7503,72,0,0
2019-05-16,11777,16651,12321,6830,73,0,0
2019-05-17,14610,19451,15306,7650,74,0,0
2019-05-18,12154,16288,12765,6306,75,0,0
2019-05-19,10019,14221,10436,5498,76,0,0
2019-05-20,11498,15855,11640,6271,76,0,0
2019-05-21,14228,15865,11914,6305,78,0,0
2019-05-22,12342,15532,11637,6589,76,0,0
2019-05-23,11233,15575,11582,6587,68,0,0
2019-05-24,10679,14604,11051,6255,70,0,0
2019-05-25,9352,12768,9638,5343,66,0,0
2019-05-26,9113,12922,9487,5126,78,0,0
2019-05-27,10675,16479,11319,5892,79,0,0
2019-05-28,11156,16027,11631,6412,85,0,0
2019-05-29,11724,16378,12371,6250,77,0,0
2019-05-30,10534,15021,10974,6215,76,0,0
2019-05-31,11459,15778,11969,7073,65,0,0
2019-06-01,10969,15236,11465,6242,69,0,0
2019-06-02,10684,14872,11120,5924,76,0,0
2019-06-03,11660,16527,12255,6807,77,0,0
2019-06-04,11449,16748,12103,6819,78,0,0
2019-06-05,11164,16837,12042,6803,78,0,0
2019-06-06,40281,56659,46050,13940,73,0,0
2019-06-07,18913,26064,20341,8981,67,0,0
2019-06-08,12351,17243,13046,6745,68,0,0
2019-06-09,13720,19221,14506,7307,75,0,0
2019-06-10,14512,21045,15303,7813,75,0,0
2019-06-11,14209,20085,14991,7159,83,0,0
2019-06-12,21372,28002,22469,8975,92,0,0
2019-06-13,19877,27064,21102,12664,66,0,0
2019-06-14,14693,20061,15590,9417,60,0,0
2019-06-15,11110,15609,11895,6897,60,0,0
2019-06-16,10239,14384,10646,5951,77,0,0
2019-06-17,11403,16328,11956,6839,71,0,0
2019-06-18,11317,16183,11856,6490,73,0,0
2019-06-19,11584,16593,12058,6772,75,0,0
2019-06-20,15610,21956,16638,9278,68,0,0
2019-06-21,14676,20373,15467,7635,72,0,0
2019-06-22,14357,19722,14972,7527,67,0,0
2019-06-23,12298,17456,13042,6842,73,0,0
2019-06-24,12318,18682,13097,6786,84,0,0
2019-06-25,18073,25187,19304,9631,69,0,0
2019-06-26,14551,20882,15452,7535,75,0,0
2019-06-27,16932,22637,17748,6871,82,0,0
2019-06-28,13384,18785,14264,6244,91,0,0
2019-06-29,11742,16665,12474,7238,73,0,0
2019-06-30,10061,14381,10608,5778,77,0,0
2019-07-01,10324,15336,11026,5762,86,0,0
2019-07-02,10654,15798,11292,5942,86,0,0
2019-07-03,10118,14952,10768,5596,87,0,0
2019-07-04,9032,12833,9506,5037,76,0,0
2019-07-05,8669,12947,9276,5110,79,0,0
2019-07-06,9850,14240,10415,5994,71,0,0
2019-07-07,13922,20236,14559,7414,69,0,0
2019-07-08,10866,17110,11768,6182,82,0,0
2019-07-09,9491,14362,10054,5350,86,0,0
2019-07-10,11413,16263,11934,6645,81,0,0
2019-07-11,11903,16926,12695,6428,98,0,0
2019-07-12,10895,15753,11616,5898,80,0,0
2019-07-13,10120,14423,10666,5644,73,0,0
2019-07-14,9949,14394,10442,5364,75,0,0
2019-07-15,9841,14865,10474,5722,80,0,0
2019-07-16,4176,3958,4346,1376,76,0,0
2019-07-17,12091,17422,12775,6599,78,0,0
2019-07-18,11985,17731,12763,6887,73,0,0
2019-07-19,13587,19481,14181,6992,68,0,0
2019-07-20,20035,26922,20867,8817,62,0,0
2019-07-21,14439,20217,15214,7372,63,0,0
2019-07-22,12337,17790,13115,6840,77,0,0
2019-07-23,15058,20678,15940,8629,84,0,0
2019-07-24,12571,18420,13397,6632,94,0,0
2019-07-25,10667,15746,11308,6345,78,0,0
2019-07-26,10266,15396,10966,6336,73,0,0
2019-07-27,10433,15119,11132,6044,70,0,0
2019-07-28,10215,14895,10903,5948,72,0,0
2019-07-29,13938,19368,14627,7304,93,0,0
2019-07-30,5964,7773,6325,2467,86,0,0
2019-07-31,11359,16330,11997,6786,76,0,0
2019-08-01,12507,17639,13281,7699,83,0,0
2019-08-02,10905,15866,11561,6287,84,0,0
2019-08-03,9087,13134,9665,5531,76,0,0
2019-08-04,9963,14563,10632,5656,79,0,0
2019-08-05,12422,17279,13065,6728,70,0,0
2019-08-06,11118,16524,11877,6032,76,0,0
2019-08-07,10262,15004,10932,5969,75,0,0
2019-08-08,14950,20165,15679,7302,81,0,0
2019-08-09,15261,20305,16127,7469,97,0,0
2019-08-10,12390,17348,13249,6527,93,0,0
2019-08-11,10405,14656,10996,5914,79,0,0
2019-08-12,18366,24391,19344,7647,76,0,0
2019-08-13,22868,29473,23849,10105,65,0,0
2019-08-14,12030,16952,12746,6909,69,0,0
2019-08-15,12000,15960,12515,6537,91,0,0
2019-08-16,11373,15525,11922,6860,74,0,0
2019-08-17,9070,13362,9651,5355,79,0,0
2019-08-18,8840,13295,9445,5178,80,0,0
2019-08-19,9310,13995,9814,5643,76,0,0
2019-08-20,10197,14888,10819,5819,71,0,0
2019-08-21,11365,15865,11996,6092,68,0,0
2019-08-22,9347,12687,9742,4378,76,0,0
2019-08-23,8160,11245,8523,4174,73,0,0
2019-08-24,7001,9968,7310,3539,79,0,0
2019-08-25,6959,9739,7241,3515,76,0,0
2019-08-26,8033,12085,8496,4072,83,0,0
2019-08-27,8315,12225,8797,4307,81,0,0
2019-08-28,16128,23256,17176,8092,65,0,0
2019-08-29,12813,18124,13458,6553,75,0,0
2019-08-30,10930,15938,11504,5591,75,0,0
2019-08-31,14794,18583,15549,4947,50,0,0
2019-09-01,14627,17877,15121,4827,49,0,0
2019-09-02,8695,12655,9176,4346,79,0,0
2019-09-03,8340,12519,8781,4285,80,0,0
2019-09-04,10296,13732,10767,4909,73,0,0
2019-09-05,25821,30424,26382,8042,86,0,0
2019-09-06,11170,14380,11742,5360,79,0,0
2019-09-07,10037,13005,10528,4615,80,0,0
2019-09-08,9921,13048,10285,4307,79,0,0
2019-09-09,7993,11929,8515,4135,83,0,0
2019-09-10,7871,11633,8298,3829,91,0,0
2019-09-11,15129,17449,15883,7896,91,0,0
2019-09-12,11051,13777,11461,5312,91,0,0
2019-09-13,18065,21594,18658,12083,54,0,0
2019-09-14,23228,27025,23578,17495,37,0,0
2019-09-15,18797,22900,19270,13640,44,0,0
2019-09-16,14136,17913,14702,9333,57,0,0
2019-09-17,9528,13382,10084,5203,76,0,0
2019-09-18,9187,13050,9661,4671,77,0,0
2019-09-19,9078,12770,9630,4570,83,0,0
2019-09-20,10102,13531,10645,5333,74,0,0
2019-09-21,10161,13843,10710,5251,73,0,0
2019-09-22,13074,18192,13544,6246,68,0,0
2019-09-23,11947,17078,12455,6304,75,0,0
2019-09-24,27064,34492,28229,8150,63,0,0
2019-09-25,20065,28921,21178,8656,81,0,0
2019-09-26,16694,25131,17588,8117,72,0,0
2019-09-27,13417,20939,14267,6703,73,0,0
2019-09-28,11283,17859,12065,5695,78,0,0
2019-09-29,10719,16852,11446,5537,77,0,0
2019-09-30,11582,17360,12392,5776,81,0,0
2019-10-01,12212,17328,12816,5960,76,0,0
2019-10-02,11405,16876,12034,5600,75,0,0
2019-10-03,11627,17068,12341,5862,81,0,0
2019-10-04,11427,16908,12244,5625,79,0,0
2019-10-05,12796,20098,13735,6813,66,0,0
2019-10-06,14441,23729,15540,7614,72,0,0
2019-10-07,17752,27229,18772,10274,64,0,0
2019-10-08,16721,25420,17664,8771,70,0,0
2019-10-09,13744,21194,14515,6879,75,0,0
2019-10-10,12265,19320,13126,5995,77,0,0
2019-10-11,10819,15829,11510,5576,71,0,0
2019-10-12,10731,15343,11457,5304,73,0,0
2019-10-13,11359,16675,12208,5235,76,0,0
2019-10-14,11114,15872,11783,5421,72,0,0
2019-10-15,10913,15477,11404,5661,72,0,0
2019-10-16,9965,14896,10591,5298,76,0,0
2019-10-17,10564,15268,11211,5667,72,0,0
2019-10-18,10955,15391,11645,5984,68,0,0
2019-10-19,9374,14128,9831,4996,73,0,0
2019-10-20,9363,14163,9980,5030,70,0,0
2019-10-21,10841,15819,11470,4981,72,0,0
2019-10-22,12348,17285,13163,5929,69,0,0
2019-10-23,9297,13491,9827,4796,80,0,0
2019-10-24,10441,15149,11055,5138,91,0,0
2019-10-25,11573,16098,12315,6094,69,0,0
2019-10-26,9629,13729,10105,5140,72,0,0
2019-10-27,8494,12702,9068,4662,69,0,0
2019-10-28,9180,13755,9759,4941,75,0,0
2019-10-29,10130,14605,10694,5328,80,0,0
2019-10-30,9234,13093,9767,4787,78,0,0
2019-10-31,7856,11073,8183,4109,78,0,0
2019-11-01,9494,13369,10037,5038,79,0,0
2019-11-02,8702,12735,9118,4311,75,0,0
2019-11-03,10333,14736,10771,4895,74,0,0
2019-11-04,9978,14584,10543,5140,75,0,0
2019-11-05,10297,14928,10967,5165,72,0,0
2019-11-06,10591,14923,11110,5531,74,0,0
2019-11-07,9534,14168,10082,4993,78,0,0
2019-11-08,8732,12936,9184,4477,79,0,0
2019-11-09,8736,12271,9174,4465,76,0,0
2019-11-10,9430,14059,10023,4782,74,0,0
2019-11-11,10541,15736,11207,5397,79,0,0
2019-11-12,11674,17844,12547,5524,85,0,0
2019-11-13,16101,22758,16984,6879,79,0,0
2019-11-14,35920,47951,38470,12996,72,0,0
2019-11-15,31921,40709,33095,11905,66,0,0
2019-11-16,20894,30222,21928,9041,67,0,0
2019-11-17,15511,23757,16273,7167,76,0,0
2019-11-18,22021,32224,23391,8583,74,0,0
2019-11-19,82270,167996,93174,26490,101,1,1
2019-11-20,1130463,1648239,1266668,334908,151,1,0
2019-11-21,299375,391840,327475,122804,122,1,0
2019-11-22,117189,159397,130105,50234,120,1,0
2019-11-23,80045,112196,88071,34198,118,1,0
2019-11-24,82649,121816,90178,34349,115,1,0
2019-11-25,77906,122232,85790,32086,107,0,0
2019-11-26,61179,104900,68266,22569,105,0,0
2019-11-27,62492,114200,71187,20132,94,0,0
2019-11-28,38787,66015,42528,14239,91,0,0
2019-11-29,30157,50691,32560,10628,96,0,0
2019-11-30,27939,45503,30239,10255,90,0,0
2019-12-01,24553,37584,26007,9342,97,0,0
2019-12-02,22364,34416,23810,8991,102,0,0
2019-12-03,22129,34005,23924,9154,102,0,0
2019-12-04,24693,36077,26619,10606,96,0,0
2019-12-05,25202,36047,26643,10751,95,0,0
2019-12-06,21967,32791,23657,9747,98,0,0
2019-12-07,18397,27406,19723,8663,98,0,0
2019-12-08,20762,30991,22423,9932,96,0,0
2019-12-09,25476,38792,27703,11420,98,0,0
2019-12-10,25792,38603,27751,11451,100,0,0
2019-12-11,23778,33978,25450,11160,99,0,0
2019-12-12,20997,30602,22870,9645,97,0,0
2019-12-13,20475,29799,22249,9677,96,0,0
2019-12-14,18742,27880,20367,9217,98,0,0
2019-12-15,19131,27595,20439,9016,99,0,0
2019-12-16,18022,26803,19511,8583,102,0,0
2019-12-17,19550,28747,20888,8966,106,0,0
2019-12-18,18721,26936,19973,8627,100,0,0
2019-12-19,18308,26561,19588,9033,96,0,0
2019-12-20,17747,25199,19122,8663,87,0,0
2019-12-21,15927,23174,17305,8113,89,0,0
2019-12-22,15731,23614,17337,8033,95,0,0
2019-12-23,16400,23477,17524,7637,94,0,0
2019-12-24,15063,21327,16201,6988,91,0,0
2019-12-25,14357,20952,15384,6885,91,0,0
2019-12-26,15433,23630,16581,7379,102,0,0
2019-12-27,16127,23795,17490,7969,97,0,0
2019-12-28,16420,24097,17577,7877,99,0,0
2019-12-29,18250,26428,19465,8699,100,0,0
2019-12-30,18083,27361,19740,8439,104,0,0
2019-12-31,29389,37027,31068,13385,69,0,0
2020-01-01,18485,26293,19936,8896,98,0,0
2020-01-02,20550,30007,22236,9024,107,0,0
2020-01-03,20712,29158,22353,9076,99,0,0
2020-01-04,20738,29467,22157,9657,99,0,0
2020-01-05,30413,42773,31971,14995,95,0,0
2020-01-06,34103,46393,36787,18640,85,0,0
2020-01-07,27628,41006,29776,12977,107,0,0
2020-01-08,44062,60557,47554,16973,93,0,0
2020-01-09,33177,46770,35669,14232,98,0,0
2020-01-10,27813,39093,29454,12121,100,0,0
2020-01-11,35869,51048,38471,15381,97,0,0
2020-01-12,33297,48803,36243,15027,103,0,0
2020-01-13,33987,49624,36675,14498,114,0,0
2020-01-14,52583,75105,56261,23422,95,0,0
2020-01-15,58571,86819,63958,25878,101,0,0
2020-01-16,40561,60485,43829,17747,110,0,0
2020-01-17,37597,55752,40722,16314,108,0,0
2020-01-18,34892,50430,37524,15847,100,0,0
2020-01-19,55119,79862,59662,24384,108,0,0
2020-01-20,46281,71863,51351,21311,118,1,0
2020-01-21,60163,91734,65946,25805,119,1,0
2020-01-22,86179,130932,95372,39408,113,1,0
2020-01-23,166060,245647,186227,79482,91,1,0
2020-01-24,145152,209696,156763,67173,109,1,0
2020-01-25,208046,304052,225912,101458,111,1,0
2020-01-26,2261512,6688450,2634408,796382,230,1,1
2020-01-27,1473248,2837611,1563182,480366,142,1,0
2020-01-28,402339,741599,412677,150009,145,1,0
2020-01-29,185134,352986,191260,73119,140,1,0
2020-01-30,109443,217120,115193,47690,123,0,0
2020-01-31,106853,190538,110860,46916,113,0,0
2020-02-01,98319,160279,101703,44597,101,0,0
2020-02-02,94254,145051,98917,44790,90,0,0
2020-02-03,80043,117792,84444,34884,101,0,0
2020-02-04,54334,76752,57429,24907,88,0,0
2020-02-05,41409,59957,44059,20298,95,0,0
2020-02-06,38833,55270,40895,18882,93,0,0
2020-02-07,35022,50920,37638,17732,91,0,0
2020-02-08,35951,49920,38169,18593,87,0,0
2020-02-09,74640,94059,76864,40008,67,0,0
2020-02-10,86393,105695,90116,37795,69,0,0
2020-02-11,40484,53623,42351,18410,88,0,0
2020-02-12,32930,44242,34861,16103,88,0,0
2020-02-13,30210,37863,31760,13892,81,0,0
2020-02-14,29348,37498,30809,13812,76,0,0
2020-02-15,28108,38672,29910,14372,82,0,0
2020-02-16,32926,43729,34668,16870,81,0,0
2020-02-17,38721,50771,41253,15829,90,0,0
2020-02-18,24945,34840,26615,11969,86,0,0
2020-02-19,24581,33734,25646,11834,82,0,0
2020-02-20,20553,28565,21641,10460,77,0,0
2020-02-21,20345,28083,21325,10089,78,0,0
2020-02-22,58424,67710,62112,18261,135,0,0
2020-02-23,33560,41266,35563,14777,101,0,0
2020-02-24,30211,37848,31455,17427,67,0,0
2020-02-25,20889,27990,22033,10783,76,0,0
2020-02-26,18030,25466,18918,9448,80,0,0
2020-02-27,24088,30779,25444,10158,82,0,0
2020-02-28,23395,28951,25249,10009,81,0,0
2020-02-29,26798,31915,28524,9867,64,0,0
2020-03-01,22925,28553,23772,10522,67,0,0
2020-03-02,19381,25174,20194,10316,71,0,0
2020-03-03,15908,21840,16960,8569,79,0,0
2020-03-04,19766,25415,21044,8578,79,0,0
2020-03-05,19719,25816,20616,10162,74,0,0
2020-03-06,17548,22707,18565,9385,73,0,0
2020-03-07,16518,21999,17327,8775,73,0,0
2020-03-08,16027,20817,16535,8662,67,0,0
2020-03-09,15133,19590,15822,7646,77,0,0
2020-03-10,16815,21118,17430,7905,75,0,0
2020-03-11,15536,19998,16293,8383,70,0,0
2020-03-12,13219,17624,13890,7125,74,0,0
2020-03-13,12177,16851,12866,6059,77,0,0
2020-03-14,12401,16713,13104,6195,72,0,0
2020-03-15,11101,15447,11715,5660,78,0,0
2020-03-16,10969,15387,11642,5463,93,0,0
2020-03-17,12614,16372,13445,6340,88,0,0
2020-03-18,13580,17298,14544,6531,89,0,0
2020-03-19,13637,17323,14645,6661,81,0,0
2020-03-20,12790,16987,13633,6191,89,0,0
2020-03-21,13464,18264,14459,6831,84,0,0
2020-03-22,12115,16473,12827,6018,88,0,0
2020-03-23,12679,17714,13692,6140,105,0,0
2020-03-24,13124,18239,14214,6353,96,0,0
2020-03-25,15150,19976,16146,6585,87,0,0
2020-03-26,13628,18809,14732,6403,101,0,0
2020-03-27,14196,19066,15159,6534,96,0,0
2020-03-28,14730,19145,15784,6305,93,0,0
2020-03-29,15682,21407,16645,7208,97,0,0
2020-03-30,16101,21582,17169,7534,97,0,0
2020-03-31,20813,26030,22255,9314,107,0,0
2020-04-01,18988,24232,20242,9103,100,0,0
2020-04-02,16097,21916,17381,8095,89,0,0
2020-04-03,17584,22465,18822,8158,92,0,0
2020-04-04,15075,20446,16082,6945,91,0,0
2020-04-05,14318,20032,15247,6881,95,0,0
2020-04-06,16350,22036,17404,8274,92,0,0
2020-04-07,30882,32583,32742,13225,83,0,0
2020-04-08,23459,24826,24662,8982,96,0,0
2020-04-09,37775,41731,39371,14891,60,0,0
2020-04-10,59911,66116,62197,22995,54,0,0
2020-04-11,34484,41875,36325,14338,66,0,0
2020-04-12,29392,37028,31142,12003,79,0,0
2020-04-13,24009,30853,25702,10222,91,0,0
2020-04-14,21789,27991,23546,9360,87,0,0
2020-04-15,25039,31789,27023,9661,80,0,0
2020-04-16,24642,31949,26363,10575,82,0,0
2020-04-17,26872,33662,28514,11272,75,0,0
2020-04-18,28685,35680,30333,12798,70,0,0
2020-04-19,22772,29453,24265,10022,81,0,0
2020-04-20,23122,31876,24920,10778,90,0,0
2020-04-21,64079,84543,69876,23591,95,0,0
2020-04-22,46135,67713,49576,15805,116,0,0
2020-04-23,45185,68731,49096,15083,125,0,0
2020-04-24,35853,48940,39106,12988,103,0,0
2020-04-25,38782,54324,42047,12350,121,0,0
2020-04-26,31371,42570,33966,11559,112,0,0
2020-04-27,21492,30360,23091,8964,119,0,0
2020-04-28,20397,27741,22061,9769,103,0,0
2020-04-29,20771,28566,22195,9911,99,0,0
2020-04-30,19230,26856,20799,9038,97,0,0
2020-05-01,18276,25436,19412,8505,99,0,0
2020-05-02,17143,23845,18166,7561,99,0,0
2020-05-03,18068,24951,19365,7925,95,0,0
2020-05-04,18477,23477,19831,7814,100,0,0
2020-05-05,20217,35919,21935,9533,101,0,0
2020-05-06,25702,44704,27667,14833,84,0,0
2020-05-07,22901,41383,24346,11964,94,0,0
2020-05-08,20690,37348,22338,10535,103,0,0
2020-05-09,20417,36676,21986,9980,106,0,0
2020-05-10,18201,33186,19446,9360,94,0,0
2020-05-11,18382,33614,19754,9546,98,0,0
2020-05-12,17456,32518,18748,8827,95,0,0
2020-05-13,18307,34197,19862,8891,99,0,0
2020-05-14,23339,39684,24683,10886,85,0,0
2020-05-15,24307,40751,25877,10988,78,0,0
2020-05-16,22974,37936,24286,10477,77,0,0
2020-05-17,19652,33729,20745,8906,86,0,0
2020-05-18,17842,32873,19081,8961,93,0,0
2020-05-19,17582,32037,18723,8855,88,0,0
2020-05-20,18808,34488,20236,9522,93,0,0
2020-05-21,19197,34716,20620,9877,86,0,0
2020-05-22,18912,33561,20010,9487,84,0,0
2020-05-23,16808,30077,17918,8340,84,0,0
2020-05-24,16070,28483,16947,7859,85,0,0
2020-05-25,16047,29415,17177,7792,92,0,0
2020-05-26,26587,48552,28423,12160,106,0,0
2020-05-27,27123,44770,29156,14054,102,0,0
2020-05-28,20603,35983,22404,10795,90,0,0
2020-05-29,21668,37088,23274,9464,117,0,0
2020-05-30,21981,35284,23259,9860,102,0,0
2020-05-31,17602,29880,18760,7996,93,0,0
2020-06-01,15862,28598,17168,8114,91,0,0
2020-06-02,13375,23992,14175,6579,91,0,0
2020-06-03,13735,26006,14885,6606,95,0,0
2020-06-04,27496,45073,29073,11653,85,0,0
2020-06-05,48315,84975,61681,32944,119,0,0
2020-06-06,21293,34355,22312,8035,76,0,0
2020-06-07,16361,28845,17410,7710,85,0,0
2020-06-08,19655,34801,20928,8930,88,0,0
2020-06-09,23422,41381,25258,11857,88,0,0
2020-06-10,29706,53417,32190,13485,91,0,0
2020-06-11,24169,43314,25810,10792,88,0,0
2020-06-12,21841,37740,23290,10306,79,0,0
2020-06-13,18297,31078,19471,8648,76,0,0
2020-06-14,16177,28864,17332,7386,81,0,0
2020-06-15,20985,38959,22628,9764,88,0,0
2020-06-16,21380,39155,22994,10490,85,0,0
2020-06-17,22351,38691,24136,13242,79,0,0
2020-06-18,23241,40393,24778,13113,77,0,0
2020-06-19,23572,42255,25011,12206,72,0,0
2020-06-20,29808,52223,31650,15838,64,0,0
2020-06-21,27455,47797,28851,14363,65,0,0
2020-06-22,28339,52348,30352,14788,74,0,0
2020-06-23,24640,43860,26255,12763,74,0,0
2020-06-24,23164,40684,24684,11656,84,0,0
2020-06-25,20832,37499,22355,10823,81,0,0
2020-06-26,19324,34472,20770,9850,75,0,0
2020-06-27,18136,32023,19323,9264,75,0,0
2020-06-28,20536,36420,21772,10175,76,0,0
2020-06-29,26433,45409,27907,11459,87,0,0
2020-06-30,35064,56582,38086,14062,139,0,0
2020-07-01,24986,42994,26822,10981,107,0,0
2020-07-02,18807,33232,20055,8686,92,0,0
2020-07-03,17396,30603,18432,7959,84,0,0
2020-07-04,16752,28733,17608,8137,77,0,0
2020-07-05,16869,29572,18098,8552,78,0,0
2020-07-06,19477,35569,20966,9574,91,0,0
2020-07-07,17648,31629,18972,8722,90,0,0
2020-07-08,29782,60872,32323,12739,86,0,0
2020-07-09,21380,38811,22975,10551,89,0,0
2020-07-10,16371,28987,17417,8484,80,0,0
2020-07-11,14982,26435,16021,7747,82,0,0
2020-07-12,14076,25318,15095,7216,86,0,0
2020-07-13,14342,26365,15397,7242,90,0,0
2020-07-14,14802,27524,16145,7623,93,0,0
2020-07-15,15204,28213,16537,7856,93,0,0
2020-07-16,15185,27360,16590,8156,90,0,0
2020-07-17,18814,32114,20145,9745,103,0,0
2020-07-18,16224,27987,17553,8319,97,0,0
2020-07-19,17271,29618,18326,8267,88,0,0
2020-07-20,15790,29030,16990,7729,96,0,0
2020-07-21,17879,31519,18997,8143,104,0,0
2020-07-22,17955,31411,19111,8243,97,0,0
2020-07-23,22184,35867,23298,9166,81,0,0
2020-07-24,18907,32744,20051,9224,83,0,0
2020-07-25,17242,30466,18316,8327,88,0,0
2020-07-26,16431,28503,17479,8071,79,0,0
2020-07-27,15994,29142,17086,7747,90,0,0
2020-07-28,16399,30388,17477,7855,85,0,0
2020-07-29,18741,33459,19872,8796,84,0,0
2020-07-30,23396,39715,24676,9432,71,0,0
2020-07-31,18489,32087,19543,8148,74,0,0
2020-08-01,16783,28577,17593,7423,73,0,0
2020-08-02,15668,27637,16573,7352,76,0,0
2020-08-03,15107,28168,16213,7682,81,0,0
2020-08-04,15052,27217,16151,7666,89,0,0
2020-08-05,14392,26982,15454,7414,95,0,0
2020-08-06,15105,28705,16552,7696,94,0,0
2020-08-07,15608,28365,16562,7460,85,0,0
2020-08-08,18067,31331,19119,8656,76,0,0
2020-08-09,15609,27194,16507,7610,77,0,0
2020-08-10,15440,27626,16267,7480,83,0,0
2020-08-11,15179,28015,16243,7591,91,0,0
2020-08-12,15505,28978,16659,8012,89,0,0
2020-08-13,18518,34109,19966,8991,91,0,0
2020-08-14,17607,31522,18648,8549,84,0,0
2020-08-15,15198,26650,16221,7566,87,0,0
2020-08-16,18845,32584,19945,8830,82,0,0
2020-08-17,20149,34144,21464,10091,108,0,0
2020-08-18,16633,29941,17981,8407,100,0,0
2020-08-19,17390,30874,18507,8416,96,0,0
2020-08-20,23890,40386,25341,11052,106,0,0
2020-08-21,63836,99296,68023,22537,118,0,0
2020-08-22,31064,54059,32496,13005,99,0,0
2020-08-23,24374,47142,25923,10720,85,0,0
2020-08-24,19051,36209,20382,8789,82,0,0
2020-08-25,17617,32245,18817,8303,90,0,0
2020-08-26,16292,29901,17442,8001,82,0,0
2020-08-27,15185,28378,16268,7609,80,0,0
2020-08-28,15579,28805,16751,7599,84,0,0
2020-08-29,17340,29594,18249,8570,78,0,0
2020-08-30,26580,43533,27777,13342,77,0,0
2020-08-31,28489,49997,29939,12940,79,0,0
2020-09-01,24444,44794,26226,12022,86,0,0
2020-09-02,25389,47134,27168,12101,83,0,0
2020-09-03,25754,48723,27196,11619,85,0,0
2020-09-04,24490,44844,25848,11156,80,0,0
2020-09-05,20222,35989,21380,9530,81,0,0
2020-09-06,20543,34324,21443,9755,90,0,0
2020-09-07,18803,32470,19678,8551,95,0,0
2020-09-08,16430,30171,17492,8148,85,0,0
2020-09-09,24942,41787,25973,10268,88,0,0
2020-09-10,24601,42931,26156,11462,88,0,0
2020-09-11,19487,35094,20521,8385,83,0,0
2020-09-12,17581,30172,18700,7927,72,0,0
2020-09-13,16829,30457,17905,7891,79,0,0
2020-09-14,17142,32163,18301,8172,93,0,0
2020-09-15,16621,31054,17803,7855,94,0,0
2020-09-16,20877,38227,22222,10425,82,0,0
2020-09-17,20512,37859,21946,9766,81,0,0
2020-09-18,203599,382632,242593,29985,69,0,0
2020-09-19,98663,166622,108305,19506,59,0,0
2020-09-20,54400,93627,59552,15282,62,0,0
2020-09-21,38523,70581,42353,13990,76,0,0
2020-09-22,37235,63629,40488,13309,75,0,0
2020-09-23,26278,46667,28131,11410,87,0,0
2020-09-24,30034,52409,32376,12216,101,0,0
2020-09-25,37147,66274,42189,15956,142,0,0
2020-09-26,36219,58412,39910,16100,109,0,0
2020-09-27,24538,42013,26612,11412,101,0,0
2020-09-28,24366,44509,25932,10002,90,0,0
2020-09-29,75836,146462,81578,19204,171,0,0
2020-09-30,43438,91877,48359,17158,110,0,0
2020-10-01,41020,76997,43465,17799,85,0,0
2020-10-02,34921,67067,37492,16280,84,0,0
2020-10-03,28152,51979,29803,12449,79,0,0
2020-10-04,24607,45997,26375,10951,81,0,0
2020-10-05,22575,44417,24434,10485,90,0,0
2020-10-06,28241,52151,30107,12615,104,0,0
2020-10-07,37612,71687,40733,15389,144,0,0
2020-10-08,31984,58043,33973,14388,113,0,0
2020-10-09,25040,46936,27021,11422,97,0,0
2020-10-10,22129,39559,23781,9560,92,0,0
2020-10-11,21476,40992,23184,9302,93,0,0
2020-10-12,27364,53377,29733,12931,92,0,0
2020-10-13,23155,43879,24752,10711,82,0,0
2020-10-14,22916,43410,24444,10333,80,0,0
2020-10-15,21944,41694,23463,9970,86,0,0
2020-10-16,24022,44842,25633,11023,83,0,0
2020-10-17,20469,37718,21780,9216,80,0,0
2020-10-18,18254,34564,19425,8190,83,0,0
2020-10-19,17963,34833,19150,8151,87,0,0
2020-10-20,17177,33673,18261,8004,91,0,0
2020-10-21,34674,66396,37000,15189,77,0,0
2020-10-22,25334,48598,27390,11948,84,0,0
2020-10-23,20083,38755,21310,9068,83,0,0
2020-10-24,19208,37695,20524,8407,82,0,0
2020-10-25,17880,34580,19086,8108,79,0,0
2020-10-26,29907,53516,32148,13541,119,0,0
2020-10-27,20512,39791,22144,9857,90,0,0
2020-10-28,21173,43393,22735,9838,82,0,0
2020-10-29,19574,38305,20930,9339,86,0,0
2020-10-30,17623,32898,18684,8567,79,0,0
2020-10-31,13141,24495,14002,6157,76,0,0
2020-11-01,14584,27731,15478,6752,86,0,0
2020-11-02,15014,29404,16137,7112,85,0,0
2020-11-03,13986,26426,14984,6295,85,0,0
2020-11-04,13576,26365,14579,6487,83,0,0
2020-11-05,13514,27232,14694,6520,88,0,0
2020-11-06,14861,28090,15797,6872,81,0,0
2020-11-07,13135,25767,13984,5706,74,0,0
2020-11-08,13600,26410,14409,5996,85,0,0
2020-11-09,18814,34866,19966,8013,80,0,0
2020-11-10,16962,33261,18232,7649,83,0,0
2020-11-11,17079,33553,18490,7996,83,0,0
2020-11-12,18830,35501,20505,8873,89,0,0
2020-11-13,16319,30687,17412,7704,84,0,0
2020-11-14,15983,30682,17289,7405,78,0,0
2020-11-15,17175,32326,18273,7651,80,0,0
2020-11-16,20858,41662,22350,8925,88,0,0
2020-11-17,25041,51792,27188,10846,91,0,0
2020-11-18,25803,50872,27947,11378,80,0,0
2020-11-19,61532,106845,67141,25044,73,0,0
2020-11-20,42261,75620,44995,17967,65,0,0
2020-11-21,24891,48028,26896,11230,77,0,0
2020-11-22,32299,60680,34794,13323,69,0,0
2020-11-23,63653,140266,70828,26688,88,1,1
2020-11-24,1958933,4148435,2261918,630849,198,1,0
2020-11-25,762775,1441502,856904,330937,116,1,0
2020-11-26,260940,505559,290319,118915,109,0,0
2020-11-27,141310,283121,156211,62891,112,0,0
2020-11-28,113877,227719,125883,51071,112,0,0
2020-11-29,94497,189935,104784,41694,111,0,0
2020-11-30,92980,194194,100948,37331,105,0,0
2020-12-01,76758,163418,83983,32544,104,0,0
2020-12-02,63844,137753,71479,29650,103,0,0
2020-12-03,51087,107078,55955,23770,101,0,0
2020-12-04,48800,99890,52657,22701,100,0,0
2020-12-05,43764,87082,47498,20800,97,0,0
2020-12-06,42409,87619,46342,19515,96,0,0
2020-12-07,43390,96172,47278,19030,101,0,0
2020-12-08,43146,90214,46608,18737,98,0,0
2020-12-09,38797,83490,42421,17546,99,0,0
2020-12-10,44347,92506,47998,20500,96,0,0
2020-12-11,43634,97289,48654,19146,115,0,0
2020-12-12,37815,77135,41338,16978,99,0,0
2020-12-13,34527,68666,37085,15439,96,0,0
2020-12-14,32447,68981,35488,14451,102,0,0
2020-12-15,47318,103196,51756,20646,100,0,0
2020-12-16,39080,79662,43112,19629,96,0,0
2020-12-17,36052,72926,38693,17304,92,0,0
2020-12-18,34217,68546,36939,16220,91,0,0
2020-12-19,30628,60462,33394,14978,93,0,0
2020-12-20,32345,64112,35669,15991,97,0,0
2020-12-21,30430,60128,32715,14706,95,0,0
2020-12-22,30528,59146,33100,14919,92,0,0
2020-12-23,27639,52727,29873,13850,93,0,0
2020-12-24,24138,44714,25710,12130,87,0,0
2020-12-25,23066,42606,24926,12025,83,0,0
2020-12-26,27622,53539,30223,14003,90,0,0
2020-12-27,31899,59573,33770,15484,96,0,0
2020-12-28,34809,67685,37855,17296,89,0,0
2020-12-29,37251,70736,39980,16888,99,0,0
2020-12-30,47761,84979,50686,22769,97,0,0
2020-12-31,60092,104198,64141,26542,97,0,0
2021-01-01,40258,73036,42932,18659,105,0,0
2021-01-02,37616,72572,41253,19229,91,0,0
2021-01-03,52820,97686,57161,27524,89,0,0
2021-01-04,51998,111180,56799,23163,99,0,0
2021-01-05,68607,134845,73893,28169,113,0,0
2021-01-06,42536,89142,46318,18472,99,0,0
2021-01-07,53905,101276,58359,21045,121,0,0
2021-01-08,46932,84378,50215,20086,101,0,0
2021-01-09,33569,61814,35796,15661,95,0,0
2021-01-10,29415,58413,31787,14232,94,0,0
2021-01-11,28714,58685,30709,14130,92,0,0
2021-01-12,64897,110033,69036,28961,129,0,0
2021-01-13,39162,73050,42086,18603,98,0,0
2021-01-14,29025,56357,31616,14215,96,0,0
2021-01-15,27081,52345,28903,13042,94,0,0
2021-01-16,35318,68794,37345,14479,91,0,0
2021-01-17,30540,59273,33259,14774,88,0,0
2021-01-18,27897,56048,30360,13708,90,0,0
2021-01-19,30789,62492,33507,15243,94,0,0
2021-01-20,34055,73428,36975,14949,89,0,0
2021-01-21,28723,66901,31016,12205,91,0,0
2021-01-22,26986,55672,29219,12915,91,0,0
2021-01-23,26181,50255,28164,12559,85,0,0
2021-01-24,27607,54100,30227,13606,94,0,0
2021-01-25,28697,61356,31127,13236,96,0,0
2021-01-26,30624,64845,33059,14735,95,0,0
2021-01-27,28918,61156,31438,14387,93,0,0
2021-01-28,29339,62821,32152,14411,97,0,0
2021-01-29,32113,66109,34666,15562,93,0,0
2021-01-30,39955,75401,42248,20516,83,0,0
2021-01-31,45327,88713,49140,23632,83,0,0
2021-02-01,36153,74128,38762,17273,89,0,0
2021-02-02,32165,65706,34989,15735,90,0,0
2021-02-03,37163,73039,39661,18114,88,0,0
2021-02-04,32797,65509,35561,16202,95,0,0
2021-02-05,33624,66410,36262,16532,92,0,0
2021-02-06,33292,63643,35552,16248,88,0,0
2021-02-07,46467,86636,49416,23241,91,0,0
2021-02-08,36737,78679,40407,18075,92,0,0
2021-02-09,33478,69823,36131,16476,91,0,0
2021-02-10,36115,74597,39444,18086,80,0,0
2021-02-11,35117,73269,38237,17345,88,0,0
2021-02-12,31024,62657,33771,15457,94,0,0
2021-02-13,43253,78489,47351,24850,66,0,0
2021-02-14,27848,54855,30274,14029,88,0,0
2021-02-15,30025,61121,32589,14734,89,0,0
2021-02-16,40727,82037,44217,21180,87,0,0
2021-02-17,36765,74326,39900,19579,88,0,0
2021-02-18,41094,79060,44632,22062,90,0,0
2021-02-19,40017,77273,43171,21409,81,0,0
2021-02-20,39861,73759,43075,19173,86,0,0
2021-02-21,39107,77081,42827,19662,86,0,0
2021-02-22,44411,91137,48047,21708,90,0,0
2021-02-23,40381,82465,43739,20584,89,0,0
2021-02-24,41689,84093,45637,21929,89,0,0
2021-02-25,44507,92221,49002,23815,89,0,0
2021-02-26,50087,97920,53820,26082,82,0,0
2021-02-27,41470,76732,44062,21463,87,0,0
2021-02-28,57598,109205,62383,30549,87,0,0
2021-03-01,60583,128453,66476,31145,92,0,0
2021-03-02,72866,145950,79774,36090,91,0,0
2021-03-03,81467,162861,87919,38650,88,0,0
2021-03-04,94367,189496,103438,44106,88,0,0
2021-03-05,92324,183052,102226,47996,88,0,0
2021-03-06,97176,187155,109275,54179,85,0,0
2021-03-07,582099,1115885,665492,285563,79,0,0
2021-03-08,324136,652820,363088,147087,79,1,0
2021-03-09,251019,524922,279366,116692,88,1,0
2021-03-10,246802,507277,273740,109934,108,1,0
2021-03-11,278768,607396,314160,129654,100,1,0
2021-03-12,450745,958929,503666,187868,91,1,0
2021-03-13,615568,1393434,713174,256173,98,1,0
2021-03-14,3241751,8182910,4255163,1276549,246,1,1
2021-03-15,642500,812061,693603,238392,112,1,0
2021-03-16,613586,1077837,674664,208404,197,1,0
2021-03-17,441504,767342,480114,159302,177,0,0
2021-03-18,272107,497278,296177,113703,148,0,0
2021-03-19,226618,394333,240710,109933,125,0,0
2021-03-20,152729,273866,166331,73070,128,0,0
2021-03-21,104240,195150,113248,48788,128,0,0
2021-03-22,80498,155519,86778,37445,121,0,0
2021-03-23,64607,126309,70251,32211,113,0,0
2021-03-24,58285,112012,62957,29131,103,0,0
2021-03-25,62862,110626,67395,29951,111,0,0
2021-03-26,64985,103938,69565,30922,105,0,0
2021-03-27,47201,79078,50797,24429,101,0,0
2021-03-28,42852,76808,46500,22093,101,0,0
2021-03-29,40352,73935,43221,20193,106,0,0
2021-03-30,40188,72635,43001,19630,107,0,0
2021-03-31,45491,77430,48744,23383,96,0,0
2021-04-01,45032,75574,48641,23475,103,0,0
2021-04-02,39160,65835,42204,20377,96,0,0
2021-04-03,36510,60600,38740,18487,94,0,0
2021-04-04,32923,55530,35243,17270,91,0,0
2021-04-05,29312,53494,31728,15411,97,0,0
2021-04-06,29227,53140,31497,14949,104,0,0
2021-04-07,27971,50761,30287,14771,95,0,0
2021-04-08,29506,52622,31627,14941,88,0,0
2021-04-09,29088,50349,30865,14822,83,0,0
2021-04-10,23738,41628,25574,12629,85,0,0
2021-04-11,22651,40486,24187,12092,89,0,0
2021-04-12,25217,45187,26958,13684,86,0,0
2021-04-13,24729,44086,26468,13849,87,0,0
2021-04-14,22644,41598,24550,12671,95,0,0
2021-04-15,24493,43446,26273,13313,94,0,0
2021-04-16,23283,41595,24807,12379,92,0,0
2021-04-17,22982,38317,24274,11198,78,0,0
2021-04-18,20971,36750,22295,11181,85,0,0
2021-04-19,25846,44808,27556,15699,77,0,0
2021-04-20,26076,44591,27668,15802,77,0,0
2021-04-21,22104,40237,23719,11661,88,0,0
2021-04-22,21250,39483,23004,11169,96,0,0
2021-04-23,27086,48969,29119,15579,85,0,0
2021-04-24,29414,50866,31838,16333,91,0,0
2021-04-25,33957,59096,36257,18745,80,0,0
2021-04-26,36892,66310,38977,18807,83,0,0
2021-04-27,25989,47810,27922,13869,90,0,0
2021-04-28,25358,46269,27380,13474,95,0,0
2021-04-29,21759,40180,23695,11639,93,0,0
2021-04-30,25030,44062,26698,13010,93,0,0
2021-05-01,22972,39628,24539,11519,87,0,0
2021-05-02,21619,37451,22833,10801,89,0,0
2021-05-03,22124,40817,23727,11537,92,0,0
2021-05-04,21448,39030,23172,11452,86,0,0
2021-05-05,20466,36675,22102,10556,85,0,0
2021-05-06,20035,35707,21535,10066,89,0,0
2021-05-07,19315,34128,20661,9790,85,0,0
2021-05-08,18516,31694,19520,9138,84,0,0
2021-05-09,20668,35942,22195,10308,86,0,0
2021-05-10,22768,40232,24365,10909,91,0,0
2021-05-11,23819,41665,25206,11631,87,0,0
2021-05-12,20173,36872,21761,10524,87,0,0
2021-05-13,18788,33973,20233,9872,93,0,0
2021-05-14,18778,33005,20082,9849,87,0,0
2021-05-15,16338,27774,17358,8320,80,0,0
2021-05-16,16910,29617,17988,8699,85,0,0
2021-05-17,16762,31251,18179,9048,91,0,0
2021-05-18,18661,33123,19866,9508,95,0,0
2021-05-19,17979,31983,19099,9573,90,0,0
2021-05-20,18174,32219,19518,9902,84,0,0
2021-05-21,18530,32337,19690,9676,82,0,0
2021-05-22,16691,28378,17546,8573,82,0,0
2021-05-23,19341,33611,20525,10146,82,0,0
2021-05-24,19598,34816,20857,10702,79,0,0
2021-05-25,16854,30591,18145,9173,87,0,0
2021-05-26,38717,65080,41699,19178,72,0,0
2021-05-27,24019,42916,25833,12845,80,0,0
2021-05-28,20149,35235,21362,10718,84,0,0
2021-05-29,16924,29265,17905,9288,83,0,0
2021-05-30,34487,58234,36626,13849,90,0,0
2021-05-31,24687,42693,25674,10771,89,0,0
2021-06-01,25628,46403,27420,11160,84,0,0
2021-06-02,25640,49256,28061,11144,76,0,0
2021-06-03,20496,38476,21876,9326,79,0,0
2021-06-04,19591,35236,20845,9447,82,0,0
2021-06-05,19252,32828,20618,10489,77,0,0
2021-06-06,17668,30073,19000,9265,91,0,0
2021-06-07,18146,32246,19561,9785,89,0,0
2021-06-08,23362,41135,25255,10956,129,0,0
2021-06-09,19686,34375,21182,10045,102,0,0
2021-06-10,19228,33348,20648,10097,95,0,0
2021-06-11,16768,29449,17886,8815,89,0,0
2021-06-12,14471,25328,15560,7675,86,0,0
2021-06-13,14403,25142,15408,7732,83,0,0
2021-06-14,14362,26251,15566,7967,90,0,0
2021-06-15,14553,26364,15693,8084,89,0,0
2021-06-16,14255,25801,15423,7928,86,0,0
2021-06-17,14559,26380,15696,8178,88,0,0
2021-06-18,14286,25481,15272,7858,82,0,0
2021-06-19,14125,23833,14860,7344,85,0,0
2021-06-20,13136,23148,14049,7105,81,0,0
2021-06-21,14472,26057,15594,8109,82,0,0
2021-06-22,15193,26440,16282,8311,90,0,0
2021-06-23,18428,31614,19705,8988,94,0,0
2021-06-24,16562,28605,17871,8877,83,0,0
2021-06-25,14926,25275,15801,8184,84,0,0
2021-06-26,13754,23432,14689,7530,80,0,0
2021-06-27,15375,25513,16274,8396,83,0,0
2021-06-28,16073,27499,17202,8837,91,0,0
2021-06-29,14471,25271,15498,7949,85,0,0
2021-06-30,13610,24530,14674,7597,93,0,0
2021-07-01,17393,30956,18503,7920,99,0,0
2021-07-02,20503,36769,21642,8028,107,0,0
2021-07-03,15617,26980,16544,7359,88,0,0
2021-07-04,18600,31629,19481,9090,76,0,0
2021-07-05,14498,25966,15267,7506,79,0,0
2021-07-06,15966,28142,17313,7823,97,0,0
2021-07-07,14022,25828,15194,7291,97,0,0
2021-07-08,13689,24186,14554,7378,88,0,0
2021-07-09,13497,25739,14450,7353,90,0,0
2021-07-10,12577,22005,13577,6824,81,0,0
2021-07-11,12435,21877,13279,6709,92,0,0
2021-07-12,14487,25176,15416,7775,84,0,0
2021-07-13,18377,33679,19801,9281,87,0,0
2021-07-14,18062,32961,19721,9672,88,0,0
2021-07-15,17168,30250,18431,9146,84,0,0
2021-07-16,18518,32725,19691,10069,89,0,0
2021-07-17,17243,30213,18260,9244,85,0,0
2021-07-18,15484,27277,16367,8385,84,0,0
2021-07-19,19044,35532,20570,9582,107,0,0
2021-07-20,18707,33719,20190,9318,105,0,0
2021-07-21,10969,18603,11851,5906,90,0,0
2021-07-22,16948,30600,18244,9340,97,0,0
2021-07-23,16681,28253,17745,9013,93,0,0
2021-07-24,14609,24739,15704,8016,87,0,0
2021-07-25,14828,25969,15880,7615,88,0,0
2021-07-26,16757,31585,19604,9430,91,0,0
2021-07-27,19312,36888,23161,10882,88,0,0
2021-07-28,23775,42911,27884,12955,91,0,0
2021-07-29,21540,39597,25496,12007,89,0,0
2021-07-30,18069,34359,21997,10627,79,0,0
2021-07-31,16834,31618,20501,9925,73,0,0
2021-08-01,16418,30929,19925,9465,73,0,0
2021-08-02,16442,31250,20004,9826,72,0,0
2021-08-03,20982,39430,25036,12311,87,0,0
2021-08-04,19295,34044,21045,11220,83,0,0
2021-08-05,15833,27054,16913,8892,91,0,0
2021-08-06,14298,24571,15201,8238,88,0,0
2021-08-07,13068,22430,13944,7474,80,0,0
2021-08-08,12973,22720,13846,7241,84,0,0
2021-08-09,14215,24965,15281,7840,85,0,0
2021-08-10,13726,24367,14781,7929,87,0,0
2021-08-11,14738,26681,15873,8254,81,0,0
2021-08-12,15813,28001,17140,8795,85,0,0
2021-08-13,14781,25148,15699,8020,86,0,0
2021-08-14,14380,24175,15274,8198,74,0,0
2021-08-15,12557,21825,13352,6948,83,0,0
2021-08-16,12654,23446,13831,7255,88,0,0
2021-08-17,12971,23157,13831,7150,86,0,0
2021-08-18,14774,25920,15799,7720,94,0,0
2021-08-19,14641,25385,15603,7991,87,0,0
2021-08-20,13906,24409,14913,7854,82,0,0
2021-08-21,13653,23262,14648,7748,79,0,0
2021-08-22,16712,30807,19583,10137,76,0,0
2021-08-23,16409,31126,19217,9649,77,0,0
2021-08-24,16858,31394,19705,9969,78,0,0
2021-08-25,17136,32042,19821,9697,83,0,0
2021-08-26,16069,30681,19094,9582,77,0,0
2021-08-27,17614,35499,22900,11189,73,0,0
2021-08-28,17483,35329,22569,10700,73,0,0
2021-08-29,18613,36847,23791,11660,70,0,0
2021-08-30,18752,38287,23932,11196,75,0,0
2021-08-31,18262,37492,23600,11338,74,0,0
2021-09-01,17929,35892,22688,11009,71,0,0
2021-09-02,18081,35607,22773,11105,70,0,0
2021-09-03,18879,36624,23725,11649,68,0,0
2021-09-04,16036,27666,17742,9022,72,0,0
2021-09-05,16062,28619,17913,9090,75,0,0
2021-09-06,15145,27159,16909,8482,74,0,0
2021-09-07,15037,27603,16876,8609,77,0,0
2021-09-08,15166,28142,17117,8638,81,0,0
2021-09-09,18827,32688,20870,9826,103,0,0
2021-09-10,19193,32630,21030,10217,86,0,0
2021-09-11,22657,36628,24550,9931,79,0,0
2021-09-12,20248,33080,21195,9835,83,0,0
2021-09-13,19666,34798,21017,11030,80,0,0
2021-09-14,16815,29580,17797,9264,84,0,0
2021-09-15,16867,29587,17999,8923,93,0,0
2021-09-16,19693,33949,20832,9596,98,0,0
2021-09-17,16678,28797,17755,8672,95,0,0
2021-09-18,14161,24550,15187,7702,90,0,0
2021-09-19,17310,29350,18447,9766,76,0,0
2021-09-20,18045,32283,19162,10087,77,0,0
2021-09-21,21301,38478,22986,10287,103,0,0
2021-09-22,19614,33573,20770,9119,90,0,0
2021-09-23,19326,33634,20648,9670,82,0,0
2021-09-24,15827,28007,16827,8611,84,0,0
2021-09-25,13583,23427,14559,7718,78,0,0
2021-09-26,13471,22886,14372,7836,79,0,0
2021-09-27,14412,26086,15421,8046,87,0,0
2021-09-28,22086,38685,23551,11025,79,0,0
2021-09-29,26596,49236,28143,13914,80,0,0
2021-09-30,23019,40690,24589,13210,82,0,0
2021-10-01,16866,29437,18062,9660,81,0,0
2021-10-02,14354,25539,15426,8298,86,0,0
2021-10-03,13973,25036,14979,8213,90,0,0
2021-10-04,14434,26259,15405,8273,86,0,0
2021-10-05,17627,33093,18963,10155,86,0,0
2021-10-06,16252,30017,17451,9112,87,0,0
2021-10-07,15260,27328,16395,8516,90,0,0
2021-10-08,14434,25515,15469,8120,87,0,0
2021-10-09,12803,22116,13559,7236,84,0,0
2021-10-10,13880,23723,14773,7446,88,0,0
2021-10-11,12727,23469,13862,7292,96,0,0
2021-10-12,13186,23689,14214,7467,90,0,0
2021-10-13,14952,27160,16145,8083,95,0,0
2021-10-14,16416,28787,17677,8793,89,0,0
2021-10-15,16848,29659,18037,8806,84,0,0
2021-10-16,14601,25070,15522,7765,84,0,0
2021-10-17,14385,28575,15324,7662,83,0,0
2021-10-18,13828,25133,14918,7543,89,0,0
2021-10-19,13821,25811,14917,7645,91,0,0
2021-10-20,19218,34142,20523,9406,101,0,0
2021-10-21,17476,31283,18675,9075,99,0,0
2021-10-22,24507,43595,26555,11948,102,0,0
2021-10-23,24503,46855,27570,11734,84,0,0
2021-10-24,23778,44120,26221,11412,77,0,0
2021-10-25,21696,39782,23784,10853,85,0,0
2021-10-26,26671,49262,29109,12765,79,0,0
2021-10-27,23083,41932,24961,11345,76,0,0
2021-10-28,20450,38216,22172,10177,83,0,0
2021-10-29,18855,35107,20505,9457,87,0,0
2021-10-30,16660,29653,17902,8370,83,0,0
2021-10-31,14657,27284,15879,7661,84,0,0
2021-11-01,17467,32774,18866,9200,85,0,0
2021-11-02,18609,34777,20202,9663,89,0,0
2021-11-03,18498,34044,20152,9817,84,0,0
2021-11-04,21514,40260,23718,11184,79,0,0
2021-11-05,21038,39601,22990,10774,84,0,0
2021-11-06,16424,28301,17611,9218,72,0,0
2021-11-07,15679,27108,16806,8736,72,0,0
2021-11-08,17045,30646,18222,9071,91,0,0
2021-11-09,21813,37060,23289,10755,141,0,0
2021-11-10,20062,33961,21401,10395,111,0,0
2021-11-11,19411,33307,20800,10461,92,0,0
2021-11-12,21058,35006,22428,11537,83,0,0
2021-11-13,19256,31787,20508,10074,87,0,0
2021-11-14,19955,33316,21130,10502,81,0,0
2021-11-15,19645,34870,21254,10730,82,0,0
2021-11-16,20371,35957,21793,10951,77,0,0
2021-11-17,21128,37176,23041,11590,79,0,0
2021-11-18,29453,49787,31573,16662,74,0,0
2021-11-19,23814,42481,25899,13743,79,0,0
2021-11-20,19383,32215,20686,11084,75,0,0
2021-11-21,26549,45972,28520,14586,71,0,0
2021-11-22,48798,89115,53149,22185,78,1,1
2021-11-23,1003504,1894717,1139162,336053,147,1,0
2021-11-24,414730,711688,459412,183627,128,1,0
2021-11-25,144668,258031,162235,70930,121,0,0
2021-11-26,99395,179326,109041,47608,116,0,0
2021-11-27,75306,132900,82460,36374,120,0,0
2021-11-28,66848,120251,73229,31628,118,0,0
2021-11-29,58110,108988,63367,27362,123,0,0
2021-11-30,48440,88931,53457,24013,118,0,0
2021-12-01,45485,84789,50039,22908,110,0,0
2021-12-02,39226,73000,43337,20538,103,0,0
2021-12-03,34250,63092,38030,18342,106,0,0
2021-12-04,31242,55453,34124,16479,106,0,0
2021-12-05,32553,59475,35681,17556,107,0,0
2021-12-06,43623,81820,48175,22262,105,0,0
2021-12-07,42044,78539,46259,21418,104,0,0
2021-12-08,32332,62197,35880,16685,116,0,0
2021-12-09,28173,53624,31029,14609,106,0,0
2021-12-10,28200,50142,30273,14486,100,0,0
2021-12-11,25699,44794,27883,13658,98,0,0
2021-12-12,26464,46178,28753,14639,97,0,0
2021-12-13,25485,47839,28190,13859,103,0,0
2021-12-14,24091,43194,26089,13029,97,0,0
2021-12-15,21457,40012,23793,11976,96,0,0
2021-12-16,21360,38662,23302,11801,100,0,0
2021-12-17,19782,35502,21606,10963,97,0,0
2021-12-18,19568,33898,21348,10905,99,0,0
2021-12-19,19727,34366,21552,10843,101,0,0
2021-12-20,18962,34547,20771,10386,102,0,0
2021-12-21,19503,34327,21212,10660,99,0,0
2021-12-22,18941,33995,20901,10788,99,0,0
2021-12-23,18618,33070,20577,10441,97,0,0
2021-12-24,17222,29762,18848,9735,96,0,0
2021-12-25,16779,28706,18026,9385,95,0,0
2021-12-26,19561,34337,21534,10643,108,0,0
2021-12-27,19361,35186,21462,10495,106,0,0
2021-12-28,21521,39175,23579,11243,112,0,0
2021-12-29,21924,39992,24155,11670,110,0,0
2021-12-30,23859,44054,26137,11833,109,0,0
2021-12-31,35922,59931,38860,15883,94,0,0
2022-01-01,27103,46877,29266,13150,101,0,0
2022-01-02,25403,45582,27622,12640,110,0,0
2022-01-03,26678,49216,29098,13234,107,0,0
2022-01-04,32722,65614,36121,15457,114,0,0
2022-01-05,55461,93767,59677,23119,88,0,0
2022-01-06,45882,76172,49320,24641,77,0,0
2022-01-07,29218,53763,31714,13828,95,0,0
2022-01-08,25857,45869,27897,12429,99,0,0
2022-01-09,24280,43870,26562,12498,99,0,0
2022-01-10,25051,47148,27290,12786,94,0,0
2022-01-11,23817,44172,26166,12387,104,0,0
2022-01-12,24678,44288,26738,12672,107,0,0
2022-01-13,21036,37789,22598,11168,99,0,0
2022-01-14,20509,37322,22361,10989,95,0,0
2022-01-15,20504,35844,22568,11749,88,0,0
2022-01-16,20630,37128,22792,11283,95,0,0
2022-01-17,27402,47815,29844,14323,127,0,0
2022-01-18,30324,57248,32954,14619,110,0,0
2022-01-19,27005,51902,29456,13041,103,0,0
2022-01-20,29376,50163,31239,12409,109,0,0
2022-01-21,27532,47663,29526,13039,104,0,0
2022-01-22,25187,41634,26907,11592,107,0,0
2022-01-23,24506,40899,26326,11400,106,0,0
2022-01-24,24248,42219,26196,11519,102,0,0
2022-01-25,25663,44387,27496,11923,102,0,0
2022-01-26,20306,37956,22069,9247,118,0,0
2022-01-27,2,2,2,2,0,0,0
2022-01-28,32986,79160,36571,20268,83,0,0
2022-01-29,37899,79095,41920,25316,63,0,0
2022-01-30,39931,81186,43743,26636,61,0,0
2022-01-31,38221,92863,42291,21747,67,0,0
2022-02-01,33209,74033,30472,13070,69,0,0
2022-02-02,30511,43642,20761,11814,85,0,0
2022-02-03,31502,44147,20830,12015,90,0,0
2022-02-04,26863,39483,18700,10731,85,0,0
2022-02-05,18014,35046,16860,9604,75,0,0
2022-02-06,18287,34397,17185,10186,80,0,0
2022-02-07,19907,37993,18426,10715,86,0,0
2022-02-08,30850,69727,30684,15702,83,0,0
2022-02-09,26454,61007,26184,12739,88,0,0
2022-02-10,23368,53624,23246,11544,85,0,0
2022-02-11,23197,51566,22567,10819,82,0,0
2022-02-12,19978,44579,19796,9940,79,0,0
2022-02-13,22796,51628,23326,12039,74,0,0
2022-02-14,16559,29185,13695,7100,78,0,0
2022-02-15,17184,28356,13548,7135,81,0,0
2022-02-16,19998,33813,17766,10738,80,0,0
2022-02-17,17966,26957,13449,6989,84,0,0
2022-02-18,14732,23038,10750,5179,83,0,0
2022-02-19,13174,19607,9024,4382,72,0,0
2022-02-20,14536,22723,10400,4916,73,0,0
2022-02-21,14081,22226,10183,4925,72,0,0
2022-02-22,16266,25600,11882,5805,72,0,0
2022-02-23,16775,25088,11576,5800,75,0,0
2022-02-24,13671,20261,9548,4921,78,0,0
2022-02-25,20104,31104,12733,6079,78,0,0
2022-02-26,15521,25252,10565,4997,78,0,0
2022-02-27,14265,23380,10265,4823,75,0,0
2022-02-28,14589,22474,10376,5284,79,0,0
2022-03-01,12707,21191,9691,4946,74,0,0
2022-03-02,13615,23165,10378,5095,75,0,0
2022-03-03,15084,26558,11563,5573,78,0,0
2022-03-04,16010,33121,13823,6858,67,0,0
2022-03-05,14263,31479,11784,5441,66,0,0
2022-03-06,13775,28828,10936,4762,79,0,0
2022-03-07,15400,31321,12605,6098,77,0,0
2022-03-08,14808,29520,11915,5559,80,0,0
2022-03-09,14241,28081,11249,5118,77,0,0
2022-03-10,14840,30453,12201,5635,83,0,0
2022-03-11,14701,29701,12324,5928,81,0,0
2022-03-12,14572,29527,12313,6013,69,0,0
2022-03-13,18949,33107,14118,6822,63,0,0
2022-03-14,26073,48843,20992,10434,66,0,0
2022-03-15,48971,106667,45121,21794,64,0,0
2022-03-16,26864,60009,24616,11757,75,0,0
2022-03-17,23775,57572,23951,10913,86,0,0
2022-03-18,26065,65859,28685,13213,87,0,0
2022-03-19,31396,77684,34269,15915,77,0,0
2022-03-20,33350,83321,36290,16277,80,0,0
2022-03-21,32206,81304,35331,15786,90,0,0
2022-03-22,37508,103033,42065,18366,91,0,0
2022-03-23,34953,95806,38692,17187,101,0,0
2022-03-24,33743,90676,37781,16696,99,0,0
2022-03-25,35229,94117,39188,17572,90,0,0
2022-03-26,39481,104183,45128,21337,84,0,0
2022-03-27,81975,238268,90662,35894,90,0,0
2022-03-28,95370,289065,108815,42961,93,1,0
2022-03-29,92539,282285,104918,40583,102,1,0
2022-03-30,98317,282865,112650,46998,105,1,0
2022-03-31,82932,232120,95127,41371,102,1,0
2022-04-01,111046,318102,129979,55073,95,1,0
2022-04-02,219761,624465,258029,111753,89,1,0
2022-04-03,2232007,7344507,3086640,1300402,130,1,1
2022-04-04,798488,2168600,953408,413494,80,1,0
2022-04-05,226589,592457,263082,116914,85,1,0
2022-04-06,129318,327200,146051,65183,86,1,0
2022-04-07,95852,259527,111484,48017,88,0,0
2022-04-08,79275,210139,91964,40593,86,0,0
2022-04-09,67699,172244,76966,35351,81,0,0
2022-04-10,56971,143400,65164,30276,80,0,0
2022-04-11,47764,118990,54806,25918,86,0,0
2022-04-12,40892,98622,46525,22621,87,0,0
2022-04-13,36954,88367,42213,20807,88,0,0
2022-04-14,32305,79681,36634,17446,89,0,0
2022-04-15,30018,75580,33377,15494,85,0,0
2022-04-16,28244,71235,31175,14519,81,0,0
2022-04-17,27885,69707,30808,14416,84,0,0
2022-04-18,27322,66029,30204,14553,96,0,0
2022-04-19,25837,62994,28829,13804,97,0,0
2022-04-20,23687,63492,26353,10579,90,0,0
2022-04-21,26941,72875,30293,11945,86,0,0
2022-04-22,25546,57706,29268,15410,73,0,0
2022-04-23,22712,51852,25348,13024,69,0,0
2022-04-24,22428,51040,24810,12701,82,0,0
2022-04-25,21356,49883,24105,12157,93,0,0
2022-04-26,21257,51535,23947,11979,95,0,0
2022-04-27,20075,45732,22249,11485,91,0,0
2022-04-28,20883,48700,23335,11376,86,0,0
2022-04-29,20039,45345,22049,11437,87,0,0
2022-04-30,18375,41477,20054,10302,73,0,0
2022-05-01,18836,41240,20415,10651,75,0,0
2022-05-02,19433,43453,21773,11447,85,0,0
2022-05-03,19978,45328,22209,11769,88,0,0
2022-05-04,19977,45357,22448,11815,86,0,0
2022-05-05,17547,40225,19565,10249,85,0,0
2022-05-06,17715,39910,19867,10997,80,0,0
2022-05-07,16185,35937,17731,9701,78,0,0
2022-05-08,16968,38904,19149,10506,77,0,0
2022-05-09,17829,39983,19931,10971,87,0,0
2022-05-10,16427,37711,18798,10465,87,0,0
2022-05-11,16426,36679,18727,10373,84,0,0
2022-05-12,17904,40027,20075,10791,84,0,0
2022-05-13,18736,42160,21086,11319,81,0,0
2022-05-14,17024,39169,19378,10312,73,0,0
2022-05-15,17735,40322,19962,10764,79,0,0
2022-05-16,18330,41167,20329,11169,86,0,0
2022-05-17,16759,37590,18778,10218,91,0,0
2022-05-18,16373,37459,18609,10215,96,0,0
2022-05-19,20000,43958,22813,13417,79,0,0
2022-05-20,17920,39785,20034,11017,87,0,0
2022-05-21,15453,35273,17393,9363,74,0,0
2022-05-22,16225,37405,18342,9707,77,0,0
2022-05-23,16740,36342,18850,10764,83,0,0
2022-05-24,16516,35444,18241,10378,89,0,0
2022-05-25,16286,36436,17908,9556,88,0,0
2022-05-26,16047,36196,18021,9793,90,0,0
2022-05-27,19071,43271,24195,15287,70,0,0
2022-05-28,13187,29792,15101,8591,77,0,0
2022-05-29,13145,29366,14712,8145,80,0,0
2022-05-30,14439,32368,16675,9525,75,0,0
2022-05-31,13836,30743,15518,8602,86,0,0
2022-06-01,14341,32659,16180,8778,85,0,0
2022-06-02,14193,32029,16129,8755,84,0,0
2022-06-03,13029,29514,14818,8205,78,0,0
2022-06-04,11962,27349,13160,6945,83,0,0
2022-06-05,12620,28516,13880,7629,85,0,0
2022-06-06,12713,29847,14340,7616,87,0,0
2022-06-07,12716,29405,14333,7528,86,0,0
2022-06-08,18533,43318,20685,10258,86,0,0
2022-06-09,26238,58460,30134,15956,70,0,0
2022-06-10,45469,82355,49172,31731,64,0,0
2022-06-11,37018,64873,39899,26888,62,0,0
2022-06-12,17783,39700,19679,10157,79,0,0
2022-06-13,16613,37355,18723,10023,85,0,0
2022-06-14,17487,39628,19717,10736,78,0,0
2022-06-15,15027,35065,17297,9241,82,0,0
2022-06-16,17098,38634,19083,10109,75,0,0
2022-06-17,16714,37291,18581,9778,76,0,0
2022-06-18,13139,31116,14523,7265,85,0,0
2022-06-19,13386,31183,15013,7582,74,0,0
2022-06-20,14666,32816,16194,8114,81,0,0
2022-06-21,13925,31781,15843,8366,88,0,0
2022-06-22,13454,30214,15169,8122,90,0,0
2022-06-23,12772,29122,14493,7763,90,0,0
2022-06-24,11694,26523,12962,6786,87,0,0
2022-06-25,10238,23664,11298,5971,86,0,0
2022-06-26,11475,26986,12581,6599,80,0,0
2022-06-27,12283,28034,13568,7243,85,0,0
2022-06-28,11902,27279,13372,7066,92,0,0
2022-06-29,26488,57994,28865,13512,125,0,0
2022-06-30,16166,35566,18078,9323,96,0,0
2022-07-01,13709,30283,15104,7580,88,0,0
2022-07-02,14755,32510,16195,8469,84,0,0
2022-07-03,13397,30864,14895,7371,81,0,0
2022-07-04,12725,28977,13978,7078,77,0,0
2022-07-05,16349,38460,18443,9194,89,0,0
2022-07-06,15172,36118,16887,8373,85,0,0
2022-07-07,14743,33813,15902,7614,90,0,0
2022-07-08,13523,30984,14655,7288,85,0,0
2022-07-09,11128,25615,12309,6276,83,0,0
2022-07-10,10700,24668,11843,6083,83,0,0
2022-07-11,14960,34317,16525,7822,106,0,0
2022-07-12,15789,35827,17508,8371,95,0,0
2022-07-13,14306,32762,15766,7688,95,0,0
2022-07-14,15147,33933,16743,8411,87,0,0
2022-07-15,21402,43295,23258,13358,80,0,0
2022-07-16,19870,38393,21469,13019,67,0,0
2022-07-17,15648,34175,16805,8512,84,0,0
2022-07-18,12023,23667,13171,7363,80,0,0
2022-07-19,7554,13952,8438,5262,86,0,0
2022-07-20,7749,14172,8693,5499,92,0,0
2022-07-21,10785,21857,11718,6518,86,0,0
2022-07-22,13596,31363,15203,7745,90,0,0
2022-07-23,12225,27433,13258,6827,78,0,0
2022-07-24,11431,26081,12432,6149,84,0,0
2022-07-25,11959,26890,13238,6859,84,0,0
2022-07-26,12474,28876,13900,7035,84,0,0
2022-07-27,21822,58870,23379,8122,85,0,0
2022-07-28,19871,50883,21362,8391,84,0,0
2022-07-29,13088,30358,14370,7102,83,0,0
2022-07-30,11719,26386,12656,6336,76,0,0
2022-07-31,12228,27681,13154,6546,82,0,0
2022-08-01,12316,28465,13607,6698,83,0,0
2022-08-02,12952,29553,14369,7211,86,0,0
2022-08-03,13172,30852,14770,7455,87,0,0
2022-08-04,13603,30836,15061,7655,77,0,0
2022-08-05,13386,30885,14688,7418,81,0,0
2022-08-06,12694,29087,13819,6972,81,0,0
2022-08-07,14196,33043,15174,7155,75,0,0
2022-08-08,15694,38040,16847,8050,81,0,0
2022-08-09,15516,37196,17068,8497,83,0,0
2022-08-10,12616,28181,13765,7135,91,0,0
2022-08-11,13488,29614,14667,7655,90,0,0
2022-08-12,16914,37303,18306,9415,85,0,0
2022-08-13,14944,34538,16161,8094,84,0,0
2022-08-14,13311,29417,14329,7278,74,0,0
2022-08-15,19371,43773,20777,9735,101,0,0
2022-08-16,15829,36501,17394,8584,94,0,0
2022-08-17,14771,33625,16333,8381,91,0,0
2022-08-18,14224,32375,15799,8194,85,0,0
2022-08-19,15151,33882,16484,8538,80,0,0
2022-08-20,13505,30359,14454,7514,73,0,0
2022-08-21,12725,29389,13832,7123,79,0,0
2022-08-22,14104,33078,15577,7605,91,0,0
2022-08-23,14076,30045,15732,9430,88,0,0
2022-08-24,23193,53721,25271,12896,121,0,0
2022-08-25,19653,44169,21482,11180,98,0,0
2022-08-26,18555,41191,20307,10375,98,0,0
2022-08-27,16368,37216,17866,9182,81,0,0
2022-08-28,18079,41662,19417,9655,77,0,0
2022-08-29,19023,45154,20832,10062,85,0,0
2022-08-30,16726,38697,18511,9158,92,0,0
2022-08-31,15906,35815,17452,8849,86,0,0
2022-09-01,14717,34183,16162,8348,84,0,0
2022-09-02,13537,32010,14926,7489,85,0,0
2022-09-03,12640,29167,13564,6712,84,0,0
2022-09-04,16173,38673,17332,7762,80,0,0
2022-09-05,14463,35491,15808,7609,88,0,0
2022-09-06,14006,33333,15649,7916,90,0,0
2022-09-07,13985,32380,15478,7972,84,0,0
2022-09-08,12302,28366,13848,7470,85,0,0
2022-09-09,13770,31668,15120,7837,86,0,0
2022-09-10,12699,29441,13744,6981,95,0,0
2022-09-11,12298,30299,13473,6531,94,0,0
2022-09-12,15940,36708,17339,9084,78,0,0
2022-09-13,17884,42043,19440,9860,75,0,0
2022-09-14,14750,33644,16105,8398,86,0,0
2022-09-15,15206,34872,17144,9075,86,0,0
2022-09-16,14188,32761,15767,8259,79,0,0
2022-09-17,13156,30360,14330,7005,82,0,0
2022-09-18,12928,30167,13997,6832,75,0,0
2022-09-19,15726,35402,17245,8664,83,0,0
2022-09-20,28219,74195,31193,12952,87,0,0
2022-09-21,22555,59741,25163,11445,87,0,0
2022-09-22,17196,42621,19107,9181,87,0,0
2022-09-23,15413,37637,17088,8473,99,0,0
2022-09-24,20170,46625,21667,9829,90,0,0
2022-09-25,23476,53094,25057,11604,91,0,0
2022-09-26,23366,51900,25167,12894,91,0,0
2022-09-27,19241,44098,21410,11018,91,0,0
2022-09-28,17284,39640,19179,10014,88,0,0
2022-09-29,16730,39594,18873,9769,86,0,0
2022-09-30,15226,35978,17018,8766,87,0,0
2022-10-01,13580,31322,14808,7458,74,0,0
2022-10-02,15936,37142,17322,8779,75,0,0
2022-10-03,15386,38577,17163,8520,88,0,0
2022-10-04,16843,39832,18769,9781,95,0,0
2022-10-05,16405,38588,18026,9098,94,0,0
2022-10-06,24494,55519,27301,14246,118,0,0
2022-10-07,20492,47255,22916,11903,107,0,0
2022-10-08,17795,40562,19528,9868,100,0,0
2022-10-09,18533,41338,20331,10493,102,0,0
2022-10-10,19853,47122,22109,10887,110,0,0
2022-10-11,35630,83584,39432,19267,133,0,0
2022-10-12,24908,59672,28137,13931,124,0,0
2022-10-13,51723,141745,57104,21991,114,0,0
2022-10-14,48989,143591,53532,19320,94,0,0
2022-10-15,23796,66405,25691,9876,66,0,0
2022-10-16,19642,52203,21007,8401,69,0,0
2022-10-17,21736,58032,23358,9341,71,0,0
2022-10-18,20802,54669,22518,9235,70,0,0
2022-10-19,20397,52953,21993,9216,69,0,0
2022-10-20,19405,48990,21035,9022,66,0,0
2022-10-21,19220,47998,20769,9002,70,0,0
2022-10-22,18182,46969,19635,8029,67,0,0
2022-10-23,20169,51782,21602,8468,68,0,0
2022-10-24,19076,47745,20753,9287,76,0,0
2022-10-25,20894,49519,22565,10489,93,0,0
2022-10-26,19227,45469,20934,9923,82,0,0
2022-10-27,19672,47746,21298,9312,72,0,0
2022-10-28,16749,39980,18189,8640,68,0,0
2022-10-29,13558,31928,14589,7050,66,0,0
2022-10-30,13081,32000,14191,6802,72,0,0
2022-10-31,13678,32259,14757,7168,73,0,0
2022-11-01,18129,41595,19512,9636,81,0,0
2022-11-02,19340,45109,21319,10249,80,0,0
2022-11-03,17165,39489,18677,8977,79,0,0
2022-11-04,21757,52944,23428,10309,66,0,0
2022-11-05,20072,50056,23072,10687,64,0,0
2022-11-06,16032,38348,17602,8249,70,0,0
2022-11-07,16675,40010,18389,8846,72,0,0
2022-11-08,17985,42529,19516,9280,75,0,0
2022-11-09,19475,45165,20916,9733,78,0,0
2022-11-10,21297,50822,23677,11889,65,0,0
2022-11-11,18887,44808,20603,10244,69,0,0
2022-11-12,17205,42447,18749,8139,67,0,0
2022-11-13,18219,45859,20029,9056,71,0,0
2022-11-14,31150,76192,35100,17593,69,0,0
2022-11-15,700437,2214758,839192,321411,94,1,1
2022-11-16,306464,953774,358561,141632,79,1,0
2022-11-17,187301,600706,227982,92789,72,0,0
2022-11-18,147950,493115,194205,82926,60,0,0
2022-11-19,82284,254046,92482,35199,76,0,0
2022-11-20,68258,207070,76226,29622,78,0,0
2022-11-21,56746,168846,63466,25717,77,0,0
2022-11-22,40264,117676,45073,18575,79,0,0
2022-11-23,31859,91795,35263,14398,78,0,0
2022-11-24,27771,80112,30741,12383,72,0,0
2022-11-25,24089,66840,26478,11235,75,0,0
2022-11-26,23458,65996,25831,10609,79,0,0
2022-11-27,23161,64245,25493,10848,79,0,0
2022-11-28,22893,60742,25098,11192,80,0,0
2022-11-29,21623,58374,24012,10808,81,0,0
2022-11-30,24260,63867,26135,11398,75,0,0
2022-12-01,22518,59598,24790,10816,76,0,0
2022-12-02,23940,61174,25971,11739,84,0,0
2022-12-03,21070,55246,22859,9933,78,0,0
2022-12-04,21313,55274,24063,11183,68,0,0
2022-12-05,23651,60209,27268,13765,68,0,0
2022-12-06,22911,57761,25908,12776,66,0,0
2022-12-07,21158,57154,23852,9579,72,0,0
2022-12-08,21222,57811,23215,8760,72,0,0
2022-12-09,19116,49007,20968,8956,72,0,0
2022-12-10,18114,46423,19557,8703,79,0,0
2022-12-11,17517,44295,19239,8802,73,0,0
2022-12-12,19425,48112,21505,9972,76,0,0
2022-12-13,19116,46308,20622,9507,78,0,0
2022-12-14,20520,49148,23178,11664,71,0,0
2022-12-15,19881,49132,21876,10315,73,0,0
2022-12-16,18308,45907,19925,9150,76,0,0
2022-12-17,16285,42439,17768,7877,72,0,0
2022-12-18,16882,44035,18370,8280,76,0,0
2022-12-19,16884,43078,18633,8216,79,0,0
2022-12-20,17975,44573,19722,8889,77,0,0
2022-12-21,34234,92235,36868,14409,100,0,0
2022-12-22,26118,67667,28304,12236,83,0,0
2022-12-23,20065,50345,22605,10788,71,0,0
2022-12-24,16347,40634,17829,8104,71,0,0
2022-12-25,15042,36722,16224,7371,73,0,0
2022-12-26,16458,41674,17884,7893,78,0,0
2022-12-27,16794,43657,18528,7997,81,0,0
2022-12-28,21087,53209,22893,10270,76,0,0
2022-12-29,19914,50427,21923,9872,74,0,0
2022-12-30,19732,51678,21632,9207,76,0,0
2022-12-31,27350,71840,29593,11796,64,0,0
2023-01-01,23236,60374,25532,11066,75,0,0
2023-01-02,21469,56678,23612,10036,81,0,0
2023-01-03,23516,60912,25660,10803,78,0,0
2023-01-04,26984,74166,29988,12314,82,0,0
2023-01-05,34723,86444,38021,17042,72,0,0
2023-01-06,25792,66397,28576,13265,78,0,0
2023-01-07,22199,58042,24459,10777,72,0,0
2023-01-08,24901,65539,27031,11672,80,0,0
2023-01-09,24156,64106,26744,11869,81,0,0
2023-01-10,29935,80496,32310,13913,82,0,0
2023-01-11,32371,86980,35562,15303,83,0,0
2023-01-12,29192,74991,31842,13976,87,0,0
2023-01-13,26645,69538,29965,13299,81,0,0
2023-01-14,24105,62570,26535,11395,76,0,0
2023-01-15,26010,68642,28347,11787,81,0,0
2023-01-16,23335,64038,25464,10420,87,0,0
2023-01-17,23291,145866,25791,5587,113,0,0
2023-01-18,25933,170210,28848,4602,137,0,0
2023-01-19,27785,183587,31964,4105,117,0,0
2023-01-20,26096,125693,29251,5146,103,0,0
2023-01-21,24615,64786,27040,6531,84,0,0
2023-01-22,39303,103388,43345,10022,84,0,0
2023-01-23,31024,81100,34421,8420,90,0,0
2023-01-24,43446,115557,47571,11770,90,0,0
2023-01-25,52127,140288,60202,11842,118,0,0
2023-01-26,48124,113561,53136,16956,101,0,0
2023-01-27,45990,99612,49837,21176,90,0,0
2023-01-28,42476,92595,45642,17463,85,0,0
2023-01-29,75403,173982,81523,22754,86,0,0
2023-01-30,65228,152244,72134,22932,90,1,0
2023-01-31,64084,146379,69878,26722,96,1,0
2023-02-01,77233,178624,84436,32382,95,1,0
2023-02-02,88913,203918,96686,37708,92,1,0
2023-02-03,123104,291271,135224,46639,92,1,0
2023-02-04,198665,483438,220567,68090,94,1,0
2023-02-05,2824595,7895521,3470476,841244,284,1,1
2023-02-06,1441282,3390650,1563450,548615,97,1,0
2023-02-07,367787,836729,404375,144120,107,1,0
2023-02-08,209378,473098,225201,72222,110,1,0
2023-02-09,151241,330990,162540,51737,102,1,0
2023-02-10,122553,275305,133148,43140,108,1,0
2023-02-11,122153,273913,130190,38302,109,1,0
2023-02-12,126021,260762,136061,34682,111,1,0
2023-02-13,81844,162329,86797,24139,111,0,0
2023-02-14,55874,109908,59977,19415,102,0,0
2023-02-15,48658,98360,52353,18492,101,0,0
2023-02-16,43914,87613,47169,17863,97,0,0
2023-02-17,42247,85376,45549,16931,99,0,0
2023-02-18,37337,75567,40138,14611,95,0,0
2023-02-19,34338,69655,37181,14118,92,0,0
2023-02-20,29949,59554,32092,12966,87,0,0
2023-02-21,27896,55157,29761,12726,90,0,0
2023-02-22,26660,51730,28476,13005,91,0,0
2023-02-23,26618,51344,28370,13164,88,0,0
2023-02-24,27396,53956,29299,13648,84,0,0
2023-02-25,24847,50086,26561,12357,83,0,0
2023-02-26,21871,43844,23439,11242,87,0,0
2023-02-27,21367,41234,22820,11280,77,0,0
2023-02-28,20536,40037,22000,10818,76,0,0
2023-03-01,20487,38927,21878,10762,80,0,0
2023-03-02,20803,39818,21899,11046,80,0,0
2023-03-03,19518,37294,20717,10280,76,0,0
2023-03-04,18295,35962,19545,9306,79,0,0
2023-03-05,18840,36418,20056,9774,78,0,0
2023-03-06,18650,35807,19985,9891,82,0,0
2023-03-07,18921,35836,20328,10347,81,0,0
2023-03-08,18656,35916,20085,10348,84,0,0
2023-03-09,17114,33313,18576,9461,81,0,0
2023-03-10,19174,36701,20546,10578,73,0,0
2023-03-11,18801,35623,19934,10087,68,0,0
2023-03-12,37150,75379,38967,17828,65,0,0
2023-03-13,36086,77071,38037,17197,64,0,0
2023-03-14,21167,41054,22488,11330,73,0,0
2023-03-15,18476,36023,19678,9967,77,0,0
2023-03-16,18763,35997,19991,10334,76,0,0
2023-03-17,18023,34579,19227,9672,72,0,0
2023-03-18,27380,50004,29080,14817,76,0,0
2023-03-19,20211,37913,21136,10363,68,0,0
2023-03-20,18764,34670,20154,10724,72,0,0
2023-03-21,17787,32293,18846,10326,71,0,0
2023-03-22,17157,30657,18191,9942,73,0,0
2023-03-23,16723,30548,17723,9426,74,0,0
2023-03-24,20952,39241,22200,11100,80,0,0
2023-03-25,18056,33788,18826,9346,76,0,0
2023-03-26,16435,31118,17461,8923,80,0,0
2023-03-27,17009,31091,17745,9333,79,0,0
2023-03-28,16828,30960,17826,9281,77,0,0
2023-03-29,18432,34576,19730,10165,78,0,0
2023-03-30,16727,30475,17954,9561,78,0,0
2023-03-31,17114,32051,18300,9612,77,0,0
2023-04-01,14697,28144,15740,8081,75,0,0
2023-04-02,15613,28868,16427,8551,72,0,0
2023-04-03,18315,34889,19462,10043,81,0,0
2023-04-04,18358,34544,19559,10019,86,0,0
2023-04-05,16876,31812,18092,9533,82,0,0
2023-04-06,17771,33022,18896,9906,77,0,0
2023-04-07,15930,29951,17074,9019,80,0,0
2023-04-08,17143,31697,18081,9419,73,0,0
2023-04-09,35841,78751,38082,14243,95,0,0
2023-04-10,22844,44119,24136,10707,76,0,0
2023-04-11,17192,32481,18227,9163,76,0,0
2023-04-12,16241,30063,17152,8872,84,0,0
2023-04-13,16256,29864,17339,9121,77,0,0
2023-04-14,16682,31019,17905,9363,75,0,0
2023-04-15,15644,29586,16539,8411,77,0,0
2023-04-16,15983,29801,16908,8762,71,0,0
2023-04-17,16776,30658,17788,9595,74,0,0
2023-04-18,15899,29916,16970,8847,82,0,0
2023-04-19,18310,35347,19534,10059,76,0,0
2023-04-20,18790,35413,19976,10274,73,0,0
2023-04-21,18368,34490,19436,9864,73,0,0
2023-04-22,16403,30386,17247,8812,67,0,0
2023-04-23,16362,30751,17153,8553,76,0,0
2023-04-24,17541,32689,18678,9668,72,0,0
2023-04-25,18262,33281,19327,10387,73,0,0
2023-04-26,15660,29018,16699,8868,76,0,0
2023-04-27,14039,25944,15052,8040,77,0,0
2023-04-28,13947,25573,14769,7828,74,0,0
2023-04-29,13127,24285,13849,7083,73,0,0
2023-04-30,13662,25691,14623,7536,71,0,0
2023-05-01,16266,30062,17346,9097,71,0,0
2023-05-02,18538,34007,20000,10524,77,0,0
2023-05-03,18070,32890,19495,10325,73,0,0
2023-05-04,17018,29738,18074,10084,69,0,0
2023-05-05,13993,25219,14897,7917,79,0,0
2023-05-06,12198,22095,12928,6679,73,0,0
2023-05-07,12689,22960,13553,7212,72,0,0
2023-05-08,25026,45418,26725,14101,66,0,0
2023-05-09,22255,39841,23948,13052,72,0,0
2023-05-10,25566,47510,27459,14356,97,0,0
2023-05-11,20696,38328,22126,11643,80,0,0
2023-05-12,16972,30792,18165,9717,78,0,0
2023-05-13,14081,26593,15387,8128,72,0,0
2023-05-14,17400,35653,19801,9907,66,0,0
2023-05-15,15662,29597,16850,8966,86,0,0
2023-05-16,13441,25008,14480,7802,81,0,0
2023-05-17,14293,26016,15375,8206,78,0,0
2023-05-18,13468,24487,14315,7459,83,0,0
2023-05-19,17532,33040,18615,9198,84,0,0
2023-05-20,17796,33296,18934,9166,75,0,0
2023-05-21,16294,30442,17846,9248,71,0,0
2023-05-22,15471,34636,17583,7157,73,0,0
2023-05-23,17691,41993,18982,6916,77,0,0
2023-05-24,19607,46388,20908,7918,83,0,0
2023-05-25,21680,51484,23319,8353,80,0,0
2023-05-26,17211,41580,18453,6417,74,0,0
2023-05-27,14332,34178,15430,5424,75,0,0
2023-05-28,13798,31708,14662,5509,73,0,0
2023-05-29,20563,53396,22244,7005,92,0,0
2023-05-30,16105,37950,17264,6452,87,0,0
2023-05-31,31253,85686,33237,8200,106,0,0
